code5,code6,lat,lon
02111,02111,54.650953,30.66125
03163,03163,48.38681,36.706596
05663,05663,53.120408,25.718436
05801,05801,50.773159,34.765793
06144,06144,52.570827,30.87499
07020,070200,57.355303,28.318441
08000,,59.266776,25.963357
10000,100001,54.721866,20.50094
10010,100105,54.721866,20.50094
10020,100209,54.948979,20.224328
10040,100406,54.62816,22.579478
10050,100500,54.62816,22.579478
10070,100707,54.585154,22.198339
10080,100800,54.629428,21.819687
10083,10083,54.622256,21.379504
10090,100904,54.629428,21.819687
10110,101108,54.356947,21.323863
10120,101201,54.710659,20.457177
10131,10131,54.356947,21.323863
10143,10143,54.488733,21.557712
10144,10144,54.446274,21.477106
10150,10150,54.554862,21.661124
10170,101706,54.615227,21.214196
10180,101803,54.635898,21.069435
10190,10190,54.630375,20.895577
10191,10191,54.624671,20.756507
10200,102007,54.740875,20.187004
10210,102100,54.653778,20.619808
10220,102204,54.393467,20.647999
10230,102308,54.393467,20.647999
10240,102401,54.58625,20.562125
10250,102505,54.720735,20.472125
10260,102609,54.570773,20.175918
10270,102702,54.463951,19.934676
10280,102806,54.463951,19.934676
10290,102901,54.710638,20.457175
10300,103007,54.725546,20.537303
10310,103103,54.740934,20.187228
10311,10311,54.714522,20.107964
10320,103207,54.672955,20.11774
10330,103300,54.710638,20.457175
10333,10333,54.732198,20.003897
10340,103404,54.654734,19.914393
10350,103508,54.67302,20.118069
10360,103601,54.64909,19.905423
10361,10361,54.746028,20.532335
10370,103705,54.841613,20.250747
10380,103809,54.948979,20.224458
10381,10381,54.932865,20.158279
10390,103902,54.643834,19.895767
10400,10400,54.95974,20.471428
10410,104106,54.644531,19.897141
10420,104202,54.828993,20.50598
10430,104303,54.745974,20.532397
10440,104407,54.79301,20.628776
10450,104500,54.650703,19.907784
10471,10471,50.384781,30.369973
10480,104801,55.082401,21.879265
10484,10484,55.043069,21.65992
10485,10485,54.88352,21.642686
10487,10487,54.845455,21.347248
10490,104905,55.030908,22.026671
10500,105005,55.082659,21.878711
10600,,55.963719,23.823923
10610,,55.683115,21.195243
10620,,55.600278,23.15646
10630,,55.46967,23.004777
10640,,55.408168,22.835512
10650,,55.350737,22.672982
10660,,55.324624,22.504223
10670,,55.234529,22.28009
10680,,55.213343,22.161779
10690,,56.269369,21.49555
10700,,55.133105,21.90102
10710,,56.269674,21.493627
10714,,56.013412,21.238343
10720,,55.977453,22.925642
10730,,55.99082,22.578365
10732,,55.976707,22.452473
10740,,55.992821,22.249882
10750,,55.91911,21.852236
10760,,55.960383,21.650268
10770,,55.962355,21.475727
10780,,55.887344,21.227963
10790,,55.133085,21.900986
10800,,55.720281,21.141513
10810,,55.720281,21.141513
10820,,55.683115,21.195243
10830,,55.683115,21.195243
10840,,55.662769,21.216687
10850,,55.563482,21.30366
10860,,55.512627,21.414044
10862,,55.465834,21.449583
10870,,55.347682,21.487216
11000,,55.872365,26.533899
11010,,55.94262,26.475569
11020,,55.874756,27.549991
11030,,55.761564,26.488459
11042,,55.874756,27.549991
11050,,55.924134,27.148132
11052,,55.921234,27.332546
11060,,55.937582,26.956045
11063,,55.913684,26.654117
11070,,55.909634,26.647268
11071,,55.912684,26.410481
11080,,57.755178,26.003994
11090,,57.633415,25.694413
11100,,57.519618,25.436613
11110,,57.385056,25.409969
11120,,57.310241,25.279366
11130,,57.196367,25.168251
11160,,57.185312,26.76567
11240,,55.84917,26.497672
11250,,56.792239,27.661989
11260,,56.792239,27.661989
11266,,56.696071,27.529938
11270,,56.583606,27.34178
11271,,56.545176,27.330143
11272,,56.502517,27.314522
11280,,56.393253,28.125382
11290,,56.393253,28.125382
11300,,56.532746,27.716747
11310,,56.502517,27.314522
11330,,56.358712,27.157077
11340,,56.183755,26.896985
11343,,56.083259,26.739739
11360,,55.990577,26.62796
11363,,55.957779,26.595876
11370,,55.949339,26.131963
11380,,56.562525,26.946298
11390,,56.566212,26.627872
11391,,56.533293,26.401304
11412,,56.541258,26.05372
11420,,56.517594,25.865767
11430,,56.348531,26.184974
11442,,56.042191,26.455253
11446,,56.132535,26.376507
11451,,55.897825,26.49846
11452,,55.909742,26.487242
11460,,55.941211,26.22955
11470,,55.949339,26.131791
11691,,56.987144,26.42597
11700,,56.954092,26.330144
11710,,56.847887,26.214812
11730,,56.773945,26.098931
11750,,56.686563,25.970656
11760,,56.618639,25.724597
11780,,56.667331,25.931466
12000,,54.669642,25.288116
12020,,54.638643,25.694388
12030,,54.638643,25.694388
12040,,54.693395,25.411194
12041,,54.671953,25.519626
12044,,54.60706,25.739794
12050,,54.451039,25.282905
12051,,54.341511,25.321015
12060,,54.568338,25.262603
12070,,54.640112,25.279533
12080,,54.631857,25.190406
12090,,54.646184,25.053539
12100,,54.605244,25.198652
12110,,54.341431,25.320843
12160,,54.208431,24.573682
12162,,54.056165,24.417184
12165,,53.965916,24.266506
12220,,54.270688,24.682385
12230,,54.358677,24.725785
12240,,54.515457,24.833519
12250,,54.61987,24.988863
12270,,54.779081,24.816211
12272,,54.831846,24.597538
12280,,54.863023,24.461046
12290,,54.897714,24.232341
12292,,54.915975,24.070297
12300,,54.327963,23.344832
12310,123107,54.885932,23.922274
12320,,54.782991,23.760962
12322,,54.758681,23.596497
12330,,54.327963,23.344832
12340,,54.749468,23.490967
12360,,54.387842,24.050334
12370,,54.384866,23.559572
12380,,54.358272,23.435641
12384,,54.438824,23.25774
12400,,54.556261,23.362312
12410,,54.727481,23.202028
12420,,54.687912,23.029176
12430,,54.640385,22.761127
12440,,54.640385,22.761127
12450,,55.039786,24.330289
12460,,55.990483,22.238317
12470,,55.091006,24.276171
12480,,54.955125,24.345179
12490,,55.240091,24.060228
12500,,55.310885,23.971307
12503,,55.621641,23.752689
12511,,55.397319,23.872182
12520,,55.41811,23.853013
12550,,55.806895,23.528692
12551,,55.811505,23.401926
12560,,55.859854,23.412685
12562,,55.896616,23.364316
12570,,55.921644,23.308121
12580,,56.166574,23.558996
12581,,56.052264,23.471692
12600,,56.233048,23.599217
12610,,56.233048,23.599217
12611,,56.300984,23.616084
12620,,56.384619,22.028697
12621,,56.384863,22.027898
12630,,56.384619,22.028697
12631,,56.340956,22.199024
12640,,56.313998,22.335216
12650,,56.313998,22.335216
12670,,56.193327,22.700782
12690,,56.030956,22.987033
12700,,55.978071,23.114658
12710,,55.73659,23.770697
12720,,55.743536,24.157122
12730,,55.744896,24.360183
12740,,55.766019,24.737582
12750,,55.824875,24.984921
12752,,55.859104,25.179606
12754,,55.909508,25.39453
12780,,55.94116,25.606075
12790,,55.94116,25.606075
12820,,54.808012,25.522623
12830,,54.862871,25.573279
12840,,54.975103,25.770379
12850,,55.163879,25.996589
12860,,55.335553,26.164837
12870,,55.448266,25.568496
12890,,55.515131,26.325242
12910,,55.695808,26.469027
12920,,55.695808,26.469027
13000,,52.102761,23.689141
13010,,52.108257,23.663221
13020,,52.109547,23.724504
13030,,52.096417,23.707338
13050,,52.108257,23.663221
13060,,52.102761,23.689141
13083,,52.096417,23.707338
13091,,52.010339,23.818882
13120,,52.204635,24.029364
13130,,52.204635,24.029364
13170,131705,52.399276,23.388734
13180,,52.399276,23.388734
13200,,51.703047,24.175026
13210,,51.703047,24.175026
13220,,52.254441,23.501804
13230,,51.802973,23.646147
13240,,51.549884,23.615503
13250,,51.950712,23.907836
13260,,51.795518,24.083254
13270,,52.223394,24.352745
13280,,52.197878,24.687511
13290,,52.180386,25.14752
13300,,48.354247,38.062218
13310,,52.128641,25.552094
13320,,52.123123,26.084986
13332,,52.17505,26.244926
13340,,52.246113,26.40484
13360,,52.47054,24.520615
13370,,52.558185,25.008462
13380,,52.465388,25.187144
13400,,52.610008,25.100675
13410,,52.650293,25.213057
13420,,52.707968,25.336653
13430,,52.828223,25.465928
13440,,52.983048,25.769434
13450,,53.039542,25.863069
13470,,53.598458,23.760368
13480,,53.518474,23.647156
13497,,53.885173,24.138794
13510,,53.518474,23.647156
13520,,53.681134,23.850747
13530,,53.667225,23.969143
13532,,53.647059,24.044889
13540,,53.571568,24.222608
13560,,53.015243,24.078046
13570,,53.015243,24.078046
13620,,53.114575,23.969435
13624,,53.108535,24.288951
13660,,54.238272,25.351868
13670,,53.151324,24.441065
13680,,53.165609,24.78887
13690,,53.084545,25.027402
13700,,53.093294,25.345803
13712,,53.107289,25.942097
13720,,53.430169,24.547205
13730,,53.287939,24.427042
13740,,53.555439,24.783134
13750,,53.693982,24.994114
13760,,53.888154,25.283142
13770,,53.955604,25.262646
13780,,54.073508,25.296364
13790,,54.238369,25.351525
13800,,53.915948,25.355597
13812,,53.670524,25.430532
13820,,53.46839,25.576798
13831,,53.295505,25.750521
13840,,53.264627,25.824906
13842,,53.193634,25.927445
13850,,53.129402,25.988511
13855,,53.205427,26.304205
13860,,53.314915,26.537648
13870,,53.476556,26.748199
13873,,53.526317,26.918191
13880,,51.796026,26.782991
13890,,53.082646,26.104907
13900,,53.074622,26.667157
13910,,53.088752,27.041662
13920,,51.796026,26.782991
13930,,51.981871,26.768872
13940,,52.244263,26.804792
13946,,52.355075,26.799384
13950,,52.447525,26.712496
13960,,52.755921,26.437772
13961,,52.863203,26.366361
13970,,52.244116,26.805135
13971,,52.126189,26.789127
13980,,52.982569,26.303816
13990,,53.032621,26.216481
14003,,53.873504,27.521046
14010,,53.901176,27.528178
14021,,53.890401,27.550567
14030,,53.891388,27.586812
14040,,53.914695,27.663206
14050,,53.865583,27.560448
14070,,53.932556,27.716554
14080,,53.945007,27.774048
14090,,53.987627,27.851262
14100,,54.017169,28.063289
14120,,54.035064,28.197088
14130,,54.101238,28.343516
14140,,54.215791,28.525977
14150,,54.248259,28.702365
14160,,54.274389,28.838629
14170,,54.294487,29.064659
14180,,54.319159,29.256958
14193,,54.30609,29.455824
14200,,54.404184,29.750292
14210,,54.465447,29.972162
14230,,54.254721,27.061682
14240,,54.14635,27.102344
14340,,54.106981,27.147573
14350,,54.061837,27.217303
14360,,54.00391,27.282894
14362,,53.978621,27.29285
14370,,53.889917,27.349748
14440,,53.605898,27.071732
14450,,53.680977,27.16421
14460,,53.740744,27.327678
14480,,53.808229,27.579393
14500,145002,53.751452,27.684194
14510,145106,53.778704,27.668102
14520,,53.838858,27.691549
14530,,53.598039,27.856362
14540,,53.513819,28.141407
14610,,53.33645,28.522811
14622,,53.430557,28.48915
14630,,53.546607,28.749995
14640,,53.300882,28.636237
14671,,53.255458,28.833435
14685,,53.218208,28.936225
14692,,53.178192,29.062305
14700,,53.140648,29.188311
14720,,52.616888,28.851049
14732,,52.709068,28.901415
14740,,52.773543,28.962718
14750,,52.953339,29.115244
14760,,53.031617,29.165801
14770,,53.129684,29.237234
14780,,53.04511,29.510167
14800,,52.955313,29.778489
14820,,52.827922,27.588522
14822,,52.79212,27.539106
14830,,52.864298,27.577879
14850,,52.805666,27.765334
14860,,53.010445,27.516664
14870,,53.009099,27.490915
14900,,52.952849,27.912222
14910,,53.043697,28.27219
14923,,53.179088,28.494045
15000,150000,52.429214,30.995167
15002,,52.495271,30.965641
15003,,52.440126,30.960834
15011,,52.432782,30.911396
15013,,52.474731,30.973194
15020,,52.395203,31.039799
15021,,52.408643,31.091297
15024,,52.38218,31.063831
15025,,51.960437,29.74657
15030,,52.219074,31.098601
15040,,52.433918,31.48512
15050,,52.40007,31.323089
15051,,52.433918,31.48512
15067,,52.310774,31.204389
15070,,52.212027,31.416814
15080,,52.212027,31.416814
15090,,52.17492,31.69181
15100,,52.218849,31.099193
15113,,51.625798,29.064802
15120,,51.625685,29.064828
15130,,51.820421,29.1523
15131,,51.887818,29.182176
15133,,51.945891,29.211431
15140,,51.880371,29.320477
15160,,52.03862,29.175808
15170,,52.078893,29.202947
15180,,52.086193,29.233066
15194,,52.223063,27.079049
15200,,52.208162,27.405547
15210,,52.214882,27.47453
15330,,52.219221,27.853401
15332,,52.251209,28.141573
15350,,52.22372,28.32352
15360,,52.204222,28.574404
15371,,52.175101,28.947274
15376,,52.185752,28.831158
15380,,52.138686,29.319788
15385,,52.162105,29.498939
15390,,52.086404,29.232894
15401,,52.210755,29.381457
15410,,52.273725,29.421665
15412,,52.362482,29.472768
15414,,52.472717,29.545682
15416,,52.550297,29.633687
15420,,52.630386,29.712498
15422,,52.722838,29.818838
15427,,52.803144,29.93162
15440,,52.252481,29.836807
15442,,52.283068,29.989995
15445,,52.33603,30.202571
15450,,51.917135,30.007954
15452,,52.052423,29.991789
15480,,52.348902,30.392058
15483,,52.366358,30.588559
15487,,52.398264,30.75658
15490,,52.42381,30.871914
15500,155004,52.910353,30.00927
15506,,52.850121,30.208416
15511,,52.813016,30.343307
15520,,52.709692,30.577852
15530,,52.600201,30.811955
15550,155502,52.521026,30.942822
15571,,52.468231,31.053446
15581,,52.98958,30.01002
15584,,53.054637,30.013557
15590,,53.088763,30.051859
15601,,53.400617,30.166207
15603,,53.307432,30.133425
15610,,53.515021,30.233282
15624,,53.748548,30.240642
15630,,53.792404,30.212146
15640,,53.867843,30.25239
15650,,53.927169,30.333426
15660,,53.911969,30.309393
15670,,54.160327,30.295207
15680,,54.214143,30.277497
15690,,54.310891,30.266128
15700,,53.397777,28.98121
15710,,53.512177,29.250186
15720,,53.597101,29.496331
15730,,53.702493,29.771123
15742,,53.802186,30.030565
15750,,53.84886,30.168239
15770,,53.870774,30.40904
15780,,53.792706,30.365094
15800,,53.781086,30.923467
15810,,53.76034,31.284986
15820,,53.736846,31.712373
15830,,53.930379,31.476795
15840,,54.095865,31.23801
15850,,54.266833,30.976488
15853,,54.351499,30.728523
15860,,53.722309,32.162068
15870,,54.444307,30.454426
15890,,53.722184,32.161381
15900,,53.23144,32.159755
15910,,53.376124,32.057639
15911,,53.450511,32.03761
15920,,53.609688,31.92723
15930,,53.231193,32.16003
16000,,55.192372,30.189369
16030,,55.209234,30.141631
16060,,55.469399,30.009343
16070,,55.504316,29.96046
16080,,55.844589,29.965226
16090,,55.303734,29.622471
16091,,55.318367,29.46084
16100,,55.844415,29.96557
16110,,55.365897,29.280379
16112,,55.425025,29.046247
16120,,55.73265,29.31841
16122,,55.486972,28.809126
16123,,55.496328,28.822172
16130,,55.490754,28.793162
16140,,55.833446,27.740842
16151,,55.702304,29.218772
16160,,55.73263,29.31853
16170,,55.833446,27.740842
16180,,55.814844,27.940655
16181,,55.751942,28.116177
16190,,55.667762,28.335681
16201,,55.618846,28.474985
16211,,55.582403,28.605627
16221,,55.544201,28.673541
16230,,53.976036,25.638996
16240,,54.058963,25.907097
16250,,54.170963,26.162489
16260,,54.218851,26.456386
16270,,54.229189,26.714061
16280,,54.263693,26.769665
16290,,54.315413,26.849384
16300,,54.595486,25.897769
16310,,54.532634,26.078965
16320,,54.509842,26.188887
16330,,54.475627,26.374405
16340,,54.425407,26.537122
16350,,54.368444,26.660732
16360,,54.506193,26.941067
16370,,54.670532,27.178149
16383,,54.791286,27.410889
16390,,54.87824,27.603089
16400,,55.021506,27.775477
16410,,54.595486,25.897769
16423,,55.133336,26.726146
16430,,55.121243,26.870391
16434,,55.12557,26.506685
16440,,55.136949,27.197547
16442,,55.149329,27.383809
16451,,55.03554,26.317342
16460,,55.775672,27.489913
16470,,55.628706,27.607866
16480,,55.368552,27.469064
16482,,55.302877,27.204715
16500,,55.163732,27.977596
16510,,55.214319,28.081455
16511,,55.253709,28.167058
16514,,55.348301,28.350002
16520,,55.423228,28.57878
16530,,55.455607,28.725527
16550,,55.544291,28.673506
16560,,54.989724,30.933122
16570,,55.014111,30.790165
16576,,55.256094,30.10959
16580,,54.989724,30.933122
16590,,55.276376,30.30624
16600,,55.209713,30.273647
16610,,55.183361,30.258142
16621,,55.679913,29.980722
16640,,54.504269,30.407472
16641,,54.547376,30.421097
16650,,54.523744,30.378633
16660,,54.443184,30.322015
16670,,54.543111,30.43614
16672,,54.56966,30.408908
16676,,54.683277,30.317919
16680,,54.547203,30.418802
16700,,54.85111,30.208395
16710,,55.135938,30.161213
16810,,54.873548,28.685536
16820,,54.873571,28.926663
16830,,54.83352,29.139357
16832,,54.756393,29.37042
16840,,54.703479,29.128344
16860,,54.713244,29.65708
16869,,54.633805,30.150785
16890,,54.620919,30.566267
16910,,54.650953,30.66125
17000,170004,54.797585,32.034188
17002,17002,54.811219,32.183247
17010,170108,54.797585,32.034188
17045,17045,54.746276,32.502421
17046,17046,54.798409,32.286783
17062,17062,54.69817,32.701534
17070,17070,54.64031,32.87304
17080,170803,54.574144,33.169935
17093,17093,54.520518,33.482586
17103,17103,54.478077,33.749502
17110,171100,54.779473,31.862471
17130,171308,54.725387,31.369076
17134,17134,54.682682,31.034721
17140,171401,54.682682,31.034721
17160,171609,54.800117,31.903409
17170,171702,54.867694,31.388403
17182,17182,54.886767,31.24884
17190,171902,54.947095,31.063719
17200,172008,54.947095,31.063719
17210,172103,54.884608,32.448757
17212,17212,55.001903,32.485626
17230,172300,55.06731,32.653614
17240,172404,55.069007,32.789871
17250,172508,55.105039,33.243069
17253,17253,55.135381,33.364745
17270,172705,54.97865,33.359705
17300,173002,55.45663,33.295889
17340,173407,55.141187,33.621178
17352,17352,55.153324,33.791196
17360,173604,55.146283,33.994403
17380,173801,55.84411,34.294772
17390,173905,55.631939,34.296591
17405,17405,55.393471,34.329832
17410,174109,55.227139,34.322287
17430,174306,55.198969,34.317809
17440,174409,55.170059,34.369234
17460,174607,54.991172,34.342489
17470,174700,54.779028,34.342346
17480,17480,54.612137,34.341902
17491,17491,54.52894,34.328906
17512,17512,55.348157,34.453835
17532,,55.487922,34.760127
17540,175402,55.543502,34.985132
17552,17552,55.513655,35.379023
17560,175604,55.532645,35.609776
17571,17571,55.500272,35.735062
17580,175807,55.495975,35.862587
17620,176208,54.760853,32.215521
17630,176301,54.690171,32.230558
17640,176405,54.784768,32.099782
17660,176602,54.642482,32.343912
17672,17672,54.517992,32.412594
17680,176800,54.406852,32.442538
17690,176903,54.334058,32.507443
17700,177003,54.18278,32.64688
17711,17711,54.08398,32.734902
17713,17713,54.015879,32.797922
17730,177304,53.987899,32.829884
17740,177408,53.953626,32.874647
17760,17760,53.892968,32.760526
17780,177802,53.796054,32.47366
17790,177906,53.796054,32.47366
17800,178006,53.943873,33.239337
17823,17823,53.814992,33.146735
17830,178307,53.736402,33.335946
17840,178400,53.689948,33.497984
17850,178504,53.530754,33.725011
17870,178701,53.390812,33.211417
17880,178805,53.475015,33.795496
17890,178909,53.430784,33.913302
17900,179009,53.367596,34.100587
17910,179102,53.314101,34.308239
18000,180006,55.419592,36.870633
18001,18001,55.417453,36.891052
18003,18003,55.404926,36.885194
18010,180108,55.502174,36.688539
18020,180203,55.683487,37.450988
18050,180504,55.657184,37.384538
18060,180608,55.649166,37.270064
18061,18061,55.630267,37.217975
18070,180701,55.606821,37.286973
18080,180805,55.607575,37.186056
18090,180909,55.578244,37.109903
18100,181009,55.550478,37.066977
18110,181102,55.516409,36.967244
18120,181206,55.257625,37.446593
18125,18125,55.254534,37.280391
18140,181403,55.275202,37.114089
18160,181600,55.744348,37.514733
18180,181808,55.72964,37.393947
18182,18182,55.73467,37.347154
18183,18183,48.32619,35.709519
18200,182001,55.769574,37.344536
18210,182105,55.730016,37.21636
18220,182209,55.671248,37.280474
18230,182302,55.615803,36.987246
18240,182406,55.69861,36.873154
18250,182509,55.601665,36.820981
18260,182603,55.579533,36.691324
18270,182707,55.599891,36.725428
18280,182800,55.74435,37.514739
18290,182904,55.595867,36.468823
18300,183004,55.54671,36.371941
18302,18302,55.511859,36.219602
18320,183201,55.49345,36.033239
18330,183305,55.383393,36.749966
18340,183409,55.357758,36.703766
18350,183502,55.240923,36.666645
18360,183606,55.179099,36.661788
18370,183704,55.092623,36.617317
18380,183803,55.053348,36.554625
18390,183907,55.00887,36.479865
18402,18402,54.924442,36.390323
18410,184100,54.807381,36.318958
18420,184204,54.641799,36.153949
18421,18421,54.611372,36.139737
18440,184401,54.531556,36.294376
18450,184505,54.465943,36.038371
18460,184609,54.389057,35.739862
18472,18472,54.340205,35.636212
18480,184806,54.249784,35.542975
18500,185005,54.11829,35.343758
18510,185103,54.037167,35.757696
18520,185207,54.086965,35.318609
18530,18530,54.023413,35.218741
18540,185404,53.931021,35.116453
18550,185508,53.844641,34.983097
18562,18562,53.714074,34.863163
18570,185705,53.605979,34.786579
18585,18585,53.330408,34.502939
18586,18586,53.286428,34.50444
18587,18587,53.501683,34.72109
18602,18602,54.043413,34.954323
18619,18619,54.086368,34.811146
18620,186200,54.066618,34.37536
18630,186303,54.080175,34.260102
18640,186407,54.012282,33.945997
18654,18654,53.942852,33.555096
18675,18675,53.750965,34.406611
18680,186801,53.864193,34.461393
18690,186905,53.858511,34.421911
18700,187005,54.233866,34.361395
18720,18720,54.167692,35.113604
18731,18731,54.221648,34.815811
18734,18734,54.199165,34.950165
18750,187503,54.30907,34.526469
18752,18752,54.353878,34.318017
18755,18755,54.485387,34.299708
18758,18758,54.38696,34.200197
18770,187700,54.41338,34.031242
18790,187908,54.51455,36.764101
18795,18795,54.596517,36.524917
18810,188101,54.555427,36.307683
18820,188205,54.533483,36.279355
18860,188601,54.56607,36.244296
18871,18871,54.619335,36.157603
18872,18872,55.520827,35.481112
18890,188900,54.690999,36.072585
18900,189000,54.695769,35.973384
18910,189104,54.731155,35.971886
18920,189208,54.774951,35.914029
18930,189301,54.89221,35.67586
18932,18932,54.950669,35.471373
18950,189509,54.986949,35.313106
18960,189602,55.083209,35.010351
18975,18975,55.18229,34.663386
19000,190008,55.68531,37.734242
19020,190205,54.93475,37.451821
19030,190309,54.93489,37.451727
19040,190402,55.040487,37.47765
19050,190506,55.148945,37.489978
19060,190609,55.248827,37.494094
19070,190703,55.218135,37.519281
19080,190807,55.357309,37.527373
19090,190900,55.432224,37.565615
19100,191000,55.471398,37.555292
19110,191104,55.509732,37.561994
19120,19120,55.541423,37.570632
19140,191405,55.590418,37.615167
19142,19142,55.618308,37.668833
19180,191804,54.857917,38.190041
19190,191903,54.857917,38.190041
19200,192003,54.872073,38.121967
19210,192107,54.908878,38.079621
19220,192200,54.985937,38.031726
19230,192304,55.212467,38.578464
19236,19236,55.130092,38.378589
19238,19238,55.092661,38.279656
19241,19241,55.285499,38.690329
19250,192501,55.05905,38.15225
19260,192605,55.120938,37.960944
19270,192709,55.267726,37.896675
19280,192802,55.334891,37.849199
19290,192906,55.440764,37.772593
19300,193006,55.420327,37.832672
19310,193105,55.427927,37.88223
19320,193203,55.630939,37.627348
19330,193307,55.592827,37.653874
19340,193400,55.654803,37.622143
19351,19351,55.728525,37.640426
19370,19370,55.73968,37.795376
19380,193805,55.735818,37.764368
19401,19401,55.781832,37.684577
19412,194121,55.786451,37.668484
19420,194206,55.682345,37.896621
19421,19421,55.669288,37.922599
19430,194300,55.672788,37.932545
19440,194403,55.672888,37.91981
19450,194507,55.652554,37.856718
19460,194600,55.664767,38.033641
19470,194704,55.608828,38.447688
19480,194808,55.626797,38.070511
19490,194901,55.564764,38.227724
19500,195001,55.498183,38.364581
19510,195105,55.445141,38.495706
19520,195209,55.427059,38.560866
19540,195406,55.862812,37.682987
19550,195506,55.777431,37.656623
19580,195800,55.882734,37.56777
19600,196004,55.794812,37.588237
19620,19620,55.805531,37.553158
19630,196305,55.81501,37.498032
19631,19631,55.814263,37.47677
19640,196409,55.827105,37.441141
19650,196502,55.81526,37.341457
19660,196606,55.841535,37.185193
19680,196803,55.866586,37.125906
19690,196907,55.880082,37.038956
19700,197007,55.889345,36.928222
19701,19701,55.912727,36.962966
19706,19706,56.077007,37.06159
19710,197100,55.854174,36.874419
19720,197204,55.911743,36.822568
19730,197308,55.926391,36.702517
19740,197401,55.971665,36.544149
19742,19742,49.941846,30.045578
19750,197505,56.018681,36.216148
19760,197609,55.993694,35.935561
19770,197702,56.030049,35.511873
19780,,56.06368,37.077198
19790,197907,55.728301,37.511896
19810,198103,55.743035,37.567089
19820,198207,55.772907,37.561532
19850,198508,55.765193,37.518424
19920,19920,55.803855,37.746718
19930,199303,55.762296,37.746242
19931,19931,55.741828,37.733319
19980,199801,55.724836,37.734678
19990,19990,55.664081,37.720553
20000,200002,53.213516,34.409938
20010,200106,53.263141,34.405341
20011,20011,53.319109,34.419665
20017,20017,53.375339,34.476485
20020,200207,53.222646,34.451367
20030,20030,55.664081,37.720553
20040,200407,53.209869,34.667194
20050,200500,53.134361,34.982041
20060,200604,53.119475,35.392696
20070,200708,52.962943,35.721417
20090,200905,53.443898,34.401143
20100,201005,53.503929,34.379612
20110,201109,53.611423,34.323454
20120,201202,52.475127,31.665759
20130,201306,53.176871,34.361123
20140,201402,53.098978,34.077752
20150,201503,53.071293,33.946766
20163,20163,53.004077,33.745832
20170,201700,52.913615,33.463449
20176,20176,52.879051,33.134397
20190,,52.370858,32.18937
20200,202008,52.842361,32.678923
20210,202101,52.734985,32.232788
20220,202205,52.523284,31.94722
20230,202309,52.475127,31.665759
20240,202402,52.370858,32.18937
20280,202807,53.021324,32.377174
20290,202900,53.021324,32.377174
20300,203000,52.964033,32.40392
20310,203104,52.597786,32.758496
20317,20317,52.554573,33.080163
20320,203208,52.510067,33.218085
20330,203301,52.719805,32.744335
20331,20331,52.447786,33.336772
20340,20340,52.385726,33.416845
20370,20370,52.385726,33.416845
20380,203803,52.822252,34.493832
20382,20382,52.927377,34.457285
20384,20384,53.025273,34.438885
20390,203903,52.678661,34.367676
20400,204003,52.586662,34.285784
20410,204107,52.501088,34.208843
20420,204200,52.318006,34.073967
20440,204408,52.318006,34.073967
20450,204501,52.662879,34.515232
20460,204605,52.588465,34.576692
20463,20463,52.491557,34.700121
20470,204709,52.414921,34.785103
20480,204802,52.210452,34.990723
20490,204906,52.125482,35.062208
20500,205006,52.020997,35.116639
20501,20501,52.065291,35.160485
20520,205203,52.273934,35.42599
20530,205307,52.359592,35.388198
20540,205400,52.435133,35.559127
20550,205504,52.671103,35.81956
20554,20554,52.806715,35.955122
20560,205608,52.931679,36.095706
20580,205805,51.839793,35.290602
20590,205909,51.69413,35.249964
20591,20591,51.662673,35.238261
20620,206206,51.637462,35.267219
20634,20634,51.51982,35.341634
20640,20640,51.335644,35.233622
20650,206507,51.207578,35.308961
20660,206600,51.118602,35.512563
20670,206704,51.078926,35.586014
20684,20684,50.996885,35.662411
20694,20694,50.90628,35.658945
20700,20700,51.265306,34.25838
20710,207105,51.289144,34.734758
20730,207302,51.289144,34.734758
20740,207406,51.410897,34.89935
20743,20743,51.559834,34.71635
20750,207505,51.557908,34.694978
20760,207603,51.565879,34.714204
20772,20772,51.633406,35.195914
20774,20774,51.561988,35.123176
20780,207800,51.621844,35.501056
20790,207904,51.648626,35.581552
20800,208004,51.649095,35.960092
20810,208108,51.655407,36.136933
20820,208201,51.749804,36.228361
20840,208409,51.77128,36.280015
20850,208502,51.790638,36.505064
20860,208606,51.885834,36.734018
20864,20864,52.096844,36.745826
20882,20882,52.205872,36.901973
20890,208907,52.218611,37.02883
20900,209007,51.87757,36.914387
20910,209100,51.870451,36.974726
20920,209204,51.884254,37.258338
20930,209308,51.866637,37.552105
20940,209401,51.848216,37.721069
20952,20952,51.801536,37.926117
20960,20960,51.274222,34.278241
20971,20971,51.445054,34.276577
20981,20981,51.614756,34.249233
20990,20990,51.668018,34.192277
21000,210004,54.285227,37.467663
21010,210108,54.158136,37.582335
21012,21012,54.123582,37.515438
21020,210201,54.199513,37.577005
21022,21022,54.16758,37.557617
21030,210305,54.209246,37.628469
21040,,54.16758,37.557617
21050,210502,54.290853,37.606379
21060,210606,54.36224,37.662592
21070,210708,54.478928,37.68529
21079,21079,54.627093,37.549653
21090,210907,54.735374,37.400852
21100,211007,54.255491,37.486917
21110,211100,54.285048,37.407352
21120,211204,54.439142,37.353276
21132,21132,54.455779,37.178441
21140,211401,54.500245,37.077235
21150,211505,54.491644,37.022559
21160,211609,54.510507,36.96651
21180,211806,54.182757,37.693814
21190,211903,54.119856,37.809988
21194,21194,54.070818,37.985298
21210,212103,54.023086,38.044915
21240,212404,54.289376,37.246714
21243,21243,54.251152,37.386012
21250,212508,54.207264,37.05055
21260,212601,54.18283,36.701972
21270,212705,54.142208,36.512422
21280,21280,54.118388,36.431705
21290,212902,54.101422,36.346987
21300,213002,54.040595,36.011148
21310,213106,54.020317,35.825965
21330,213303,53.922362,35.877371
21350,213500,53.816975,36.118126
21370,213708,53.733793,36.665516
21390,213905,54.081297,37.568418
21400,214005,54.052025,37.545745
21410,214109,54.00957,37.501843
21420,214202,53.848431,37.491727
21430,214306,53.70736,37.314224
21441,21441,53.791273,37.26118
21461,21461,53.757195,37.269592
21470,214700,53.600441,37.131172
21500,215008,53.564479,37.030669
21502,21502,53.51051,36.883554
21521,21521,53.596274,37.734031
21540,215402,53.433509,36.78838
21550,215506,53.293057,36.564165
21560,215605,53.161605,36.335623
21562,21562,53.085839,36.241236
21580,215807,53.037679,36.13449
21600,216000,52.979401,36.112363
21610,216104,52.942529,36.059084
21620,216208,52.926127,36.028733
21630,216301,52.927216,35.928466
21642,21642,52.936744,36.196716
21660,216602,52.827083,36.260098
21670,216706,52.741845,36.309171
21680,216800,52.665208,36.371541
21690,216903,52.495378,36.323452
21700,217003,52.386875,36.30907
21710,217107,52.314186,36.306629
21720,217200,52.181801,36.276256
21730,217304,52.080662,36.374326
21740,217408,51.946532,36.364503
21750,217501,52.949373,36.570641
21760,217605,52.900778,36.893717
21770,217709,52.813823,37.239619
21772,21772,52.719153,37.318976
21790,217906,52.857823,37.444709
21800,218006,52.781517,37.679202
21810,218101,52.684157,37.967434
21820,218203,52.602926,38.278378
21830,218307,52.598536,38.379663
21850,218504,52.603098,37.360835
21853,21853,52.540856,37.478377
21860,218608,52.427076,37.599464
21870,218701,52.409128,37.547107
21880,218805,52.340499,37.52145
21890,21890,52.179411,37.567369
21900,219009,52.057662,37.538891
22000,220006,54.730608,39.505295
22020,220203,54.656912,39.631313
22022,22022,54.637543,39.696364
22030,220307,54.63372,39.71365
22050,220504,54.585834,39.794446
22054,22054,54.511421,39.975387
22063,22063,54.516616,40.053509
22070,22070,54.394079,40.222807
22080,220805,54.298212,40.243926
22084,22084,54.340987,40.185995
22090,220909,54.281223,40.548142
22100,22100,54.290877,40.669206
22110,221102,54.320775,40.888281
22122,22122,54.334082,41.14547
22134,22134,54.48586,41.294663
22150,221507,54.895907,41.323734
22160,221600,54.30114,41.297215
22180,221808,54.272661,41.697544
22190,221901,54.284892,41.788691
22200,222001,54.347458,41.93169
22210,222105,54.335416,41.986917
22220,222209,54.263852,42.265566
22223,22223,54.201526,42.332557
22240,222406,54.008041,42.430404
22250,222500,53.935548,42.445834
22260,222603,53.852289,42.37671
22280,222800,54.627958,39.698011
22281,22281,54.585842,39.670571
22283,22283,54.538648,39.736587
22290,222904,54.654442,39.725546
22300,223004,54.654442,39.725546
22310,223108,54.546732,39.747573
22320,223201,54.472186,39.790999
22330,223305,54.28179,39.92887
22340,223409,54.174704,39.99267
22350,223502,54.086776,39.986409
22362,22362,54.016893,39.997436
22370,223705,53.921144,40.019254
22380,223803,53.708735,40.10424
22381,22381,53.70242,40.102524
22382,22382,53.706087,40.134796
22420,224204,53.975698,38.174761
22421,22421,53.965369,38.225072
22430,224308,53.94705,38.164805
22440,224401,54.009078,38.115881
22452,22452,53.881286,38.160819
22460,224609,53.778999,38.111034
22470,224702,53.688985,38.170737
22480,224806,53.558893,37.993373
22500,225006,53.366893,38.070769
22511,22511,53.322468,38.101756
22520,225207,53.282665,38.092311
22530,225300,53.149301,38.125929
22560,225601,53.963577,38.310447
22570,225705,53.99059,38.29999
22571,22571,54.011754,38.270682
22580,225809,54.023215,38.257051
22584,22584,54.019093,38.294834
22590,225902,54.042068,38.215473
22601,22601,54.052875,38.253276
22611,22611,54.033909,38.386114
22620,22620,54.032075,38.421896
22630,226303,54.011704,38.270853
22640,226407,54.079659,38.168819
22650,226500,54.072223,38.141376
22652,22652,54.10732,38.20514
22660,22660,54.132316,38.178772
22670,226708,54.349175,38.243754
22673,22673,54.470965,38.228073
22680,226801,54.575084,38.222165
22683,22683,54.711871,38.211374
22720,227202,53.966028,38.533843
22722,22722,53.956939,38.403731
22730,22730,53.932189,38.708103
22760,227607,53.842361,39.035196
22761,22761,53.836785,39.180457
22770,227700,53.840694,39.216077
22790,227908,53.849796,39.497087
22800,228008,53.825497,39.573986
22810,228101,53.769361,39.811597
22811,22811,53.743596,39.943806
22820,228205,53.785888,39.242108
22823,22823,53.85387,39.18595
22830,22830,54.039575,39.108037
22840,228402,54.220687,39.01726
22851,22851,54.240347,38.897237
22860,228602,54.29458,38.899472
22872,22872,54.335747,38.83259
22880,228807,54.460086,38.721076
22890,228900,54.546308,38.619435
22910,229104,54.663859,39.140988
22950,229509,54.678952,38.530036
22960,229602,54.732142,38.384378
22970,229706,54.802243,38.273757
23000,230008,55.79597,38.976825
23010,230101,55.75246,37.859809
23020,230205,55.779559,37.863264
23030,230309,55.810116,37.949482
23040,230402,55.752462,38.008176
23050,230506,55.752875,38.122569
23060,230600,55.730198,38.202422
23070,230703,55.720921,38.348573
23080,230807,55.732456,38.467481
23090,230900,55.786338,38.460949
23100,231000,55.850736,38.443275
23110,231104,55.77582,38.673619
23123,23123,55.748104,38.853052
23140,231405,55.868793,39.103388
23150,231509,55.891733,39.216354
23160,231602,55.703552,38.963228
23170,231706,55.610424,38.878481
23180,231805,55.573364,38.924014
23182,23182,55.55409,38.87641
23190,231903,55.560054,39.111303
23210,232107,55.573299,39.522732
23230,232304,55.558744,39.688408
23243,23243,55.473743,39.660278
23270,232709,55.147167,39.557747
23310,233106,55.541558,40.004944
23320,,55.410017,38.808598
23332,23332,55.390896,39.008928
23334,23334,55.414945,38.814843
23336,23336,55.478323,38.915904
23340,233400,55.383738,39.013992
23351,23351,55.340382,38.811687
23360,233608,55.312621,38.702317
23370,233701,55.214882,38.77193
23380,233805,55.085874,38.805943
23382,23382,47.851816,33.241721
23390,233909,55.012161,38.614998
23400,234009,54.861456,38.568356
23410,234102,55.064717,38.851612
23420,234206,54.982409,39.042839
23430,234301,54.769885,38.883784
23440,234403,54.915818,39.258033
23450,234507,54.879745,39.327244
23462,23462,54.822062,39.447828
23480,234808,55.914654,37.761545
23488,23488,55.920415,37.698459
23490,234901,55.925473,37.816967
23500,235001,55.926219,37.861212
23510,235105,55.963198,37.874131
23520,235209,55.96462,37.939014
23530,235302,55.963049,38.02895
23540,235406,55.927414,37.944924
23550,235507,55.909511,38.008645
23560,235603,55.897357,38.062548
23570,235707,55.842995,38.198827
23590,235904,56.011618,37.839701
23592,23592,48.518005,34.658376
23600,236004,56.135413,37.930053
23610,236108,56.109178,38.137762
23620,236201,56.256751,37.993776
23630,236305,56.302179,38.137165
23632,23632,56.371313,38.229364
23640,236409,56.292098,37.782738
23650,236502,56.297477,37.941778
23660,236606,56.359917,38.178263
23670,236702,56.391967,38.307649
23680,236803,56.384812,38.456725
23690,23690,56.378806,38.586509
23700,237007,56.398523,38.705784
23720,23720,56.313457,38.702673
23730,23730,56.26681,38.790241
23740,237401,56.151654,38.845527
23755,23755,56.001989,38.909076
23760,237609,55.849807,39.022843
23780,237806,55.905644,37.537389
23785,23785,55.992837,37.49491
23786,,55.963758,37.416076
23790,237908,56.013165,37.485014
23800,238003,56.089996,37.503814
23810,238103,56.171871,37.509349
23820,238207,56.073513,37.113779
23830,238300,56.285153,37.502992
23831,23831,56.32505,37.52024
23832,23832,56.319415,37.548305
23840,238404,56.337288,37.51008
23850,238508,56.383582,37.515421
23852,,56.443634,37.516036
23870,238705,56.341073,37.512226
23880,238809,56.53951,37.559918
23890,238902,56.529114,37.428267
23900,239002,56.726246,37.137056
23901,23901,56.746069,37.200893
23910,239106,56.721775,37.527417
23912,23912,56.770034,37.419237
23920,239209,56.726246,37.137056
24000,240000,55.563924,42.017154
24005,24005,55.600091,41.995494
24015,24015,55.74856,41.766476
24030,240300,55.889506,41.73808
24040,240404,55.974141,41.620686
24050,240508,55.945301,41.152531
24060,24060,55.953765,40.904069
24070,240705,56.089952,41.53931
24080,240809,56.181594,41.473359
24090,240902,56.384298,41.362335
24160,241604,55.498762,40.764762
24190,241905,56.117319,40.396158
24200,242005,55.241251,40.654593
24210,242109,55.447156,40.619836
24211,24211,55.490592,40.610945
24220,242202,55.617122,40.650869
24230,242306,55.706499,40.617379
24240,24240,55.839977,40.522448
24252,242522,55.950292,40.44414
24260,242607,56.028652,40.383557
24280,24280,55.475463,40.404458
24282,24282,55.501586,40.298636
24290,24290,55.502624,40.599808
24300,243008,55.504366,40.960567
24301,24301,55.507029,41.07538
24320,243205,55.506353,41.214684
24330,243309,55.505171,41.326357
24340,243402,55.330713,41.612311
24350,243506,55.507321,41.510741
24360,243607,55.53969,42.194046
24362,24362,55.537638,42.353641
24364,24364,55.535356,42.52096
24373,24373,55.513208,42.670248
24380,24380,55.513587,42.814817
24382,24382,55.499755,42.982761
24391,24391,55.391267,43.101878
24400,244000,55.464454,43.202128
24402,24402,55.479303,43.36452
24415,24415,55.476099,43.556709
24420,244208,55.418022,43.852737
24430,244301,55.514462,44.209395
24440,244405,55.518351,44.286469
24460,244602,55.592449,44.523029
24470,244706,55.570014,44.859768
24471,24471,55.556609,45.005648
24490,244903,55.500256,45.359929
24500,245003,55.519005,45.49424
24510,245107,55.542414,45.921243
24522,24522,55.551794,46.061068
24530,245304,55.490782,46.412016
24531,24531,55.477276,46.544539
24550,245501,55.487997,46.949722
24560,245605,55.410388,43.788428
24570,245709,55.296715,43.927992
24580,245802,55.189221,44.110874
24581,24581,55.095743,44.297016
24600,24600,55.023997,43.82328
24601,24601,55.102815,43.90604
24610,246103,54.946182,43.699535
24620,246203,54.866689,43.804677
24630,246307,55.029262,44.460074
24631,24631,54.972394,44.459523
24632,24632,54.930409,44.589946
24640,24640,54.892608,44.288522
24650,24650,54.864529,44.689847
24660,246608,54.791782,44.909376
24661,24661,54.764339,45.120307
24680,246805,54.671447,45.322191
24683,24683,54.542449,45.383381
24700,247009,54.414119,45.353318
24710,247102,54.404058,45.783963
24720,247206,54.44893,45.850822
24730,247309,54.584648,46.08454
24740,247403,54.759349,46.268158
24750,247507,54.784127,46.337806
24760,247600,54.849916,46.578902
24770,24770,54.909917,46.692048
24772,24772,55.006231,46.705822
24780,247808,55.08062,46.860449
24790,247901,55.197219,47.057623
24800,248001,55.293748,47.034568
24803,24803,55.423536,47.324531
24810,248105,55.509671,47.476937
24816,24816,55.454764,47.361105
24820,248209,55.863194,47.338211
24830,248302,55.82817,47.388501
24841,24841,56.082316,47.136651
24842,24842,56.030702,47.101129
24850,248504,56.11303,47.264901
24860,248603,56.091241,47.520846
24873,24873,55.630433,47.744858
24880,248800,55.686693,47.943579
24890,248904,55.756811,48.226857
24900,249004,55.80065,48.527066
24910,249108,55.611242,48.337359
24920,249201,55.460458,48.421673
24930,249305,55.233607,48.400211
24940,249409,54.964933,48.266359
24950,249502,54.773745,48.229765
24960,249606,55.166478,48.310775
25000,250001,55.815911,48.895234
25010,250105,55.805685,48.953449
25020,250209,55.801828,49.007328
25030,250302,55.788785,49.098992
25040,250406,55.768645,49.090077
25060,250603,45.847802,40.118707
25070,250707,55.763436,49.110303
25080,250800,55.77876,49.166743
25090,250904,55.839213,49.039496
25100,251004,55.852519,49.194715
25110,251108,55.83845,48.707755
25120,251201,55.842474,48.562601
25130,251305,55.843206,48.493586
25142,25142,55.842591,48.430767
25150,251502,55.85972,48.377393
25160,251606,55.966831,48.415996
25170,25170,56.116577,48.351957
25180,251803,56.219254,48.248523
25190,251907,56.307899,48.249331
25200,252007,56.382042,48.201328
25210,252100,56.442849,48.124021
25221,25221,56.511128,48.049634
25231,25231,56.554151,47.986809
25240,252401,56.627924,47.858373
25250,252505,56.669147,47.663518
25280,252806,56.775816,47.647296
25282,25282,56.875785,47.650248
25300,253008,57.28568,47.841114
25310,253103,55.900895,49.265752
25320,253207,55.931507,49.307868
25330,253300,55.967678,49.419626
25340,253404,56.008581,49.568385
25350,253508,56.077032,49.886641
25360,253601,56.190291,50.398814
25370,253705,56.18172,50.920555
25371,25371,56.202973,50.986506
25380,253809,56.230511,51.033627
25390,253902,56.259235,51.114879
25400,254002,56.247731,51.195415
25410,254106,56.244608,51.29469
25420,254203,56.283955,51.512054
25431,25431,56.34534,51.589008
25442,25442,56.387768,51.719548
25452,25452,56.43148,51.9478
25460,254604,56.446303,52.203839
25470,254708,56.502219,52.442421
25472,25472,56.559028,52.580171
25483,25483,56.560057,52.727467
25490,254905,56.525443,53.014465
25510,255109,56.117222,52.563782
25522,25522,56.331852,52.877095
25540,255409,56.802796,53.189868
25550,255503,56.85566,53.402321
25560,255607,56.871515,53.451393
25563,25563,56.93859,53.771416
25570,255700,56.954037,53.95028
25580,255804,57.042097,54.01676
25602,25602,56.512421,53.210614
25613,25613,56.55409,52.754788
25620,256205,56.449305,53.780677
25630,256309,56.458336,53.822219
25650,256506,56.410447,53.92962
25660,256604,56.576788,53.956969
25670,256703,56.771561,54.139285
25680,256807,56.778724,54.124265
25700,257000,56.297666,54.110581
25701,25701,56.350478,54.061209
25710,257104,56.303593,54.10217
25720,257208,56.303593,54.10217
25730,257301,56.664772,53.922987
25740,257405,56.260255,54.228863
25750,257509,56.239072,54.383316
25760,257602,56.135276,54.285971
25770,257706,56.240107,54.552219
25780,257800,56.271698,54.927425
25793,25793,56.346423,55.258393
25800,258003,56.428104,55.597424
25810,258107,56.498537,56.078859
25823,25823,56.453436,56.326466
25830,258304,56.472806,56.638681
25842,25842,56.458695,56.949725
25850,258501,56.508106,57.205294
25861,25861,56.327103,54.091327
25862,25862,56.524289,57.306813
25870,258709,56.497653,57.519636
25880,258802,56.503349,57.676917
25890,258906,56.59237,57.762405
25900,259006,56.67411,57.900936
25910,259100,56.69489,58.032371
25913,25913,56.847185,58.326596
25921,25921,56.829251,58.491663
25942,25942,56.85168,58.776083
25943,25943,56.820064,58.638754
25950,259504,56.84265,59.066878
25960,259608,56.810993,59.395487
26000,260003,56.285926,43.85239
26010,260107,56.253282,43.883547
26011,26011,56.255002,43.884147
26012,26012,48.467193,33.532119
26020,260200,56.321976,43.945602
26120,261203,56.309669,43.873075
26130,261307,56.36741,43.828052
26135,26135,56.404474,43.710475
26136,26136,56.352817,43.872057
26141,26141,56.339202,43.883323
26162,261627,55.854174,36.874419
26180,261805,56.483981,43.578726
26190,261909,56.520788,43.543954
26200,262009,56.640992,43.401719
26210,262102,55.924538,39.461031
26220,262206,55.929295,39.61895
26240,262403,56.020453,39.983447
26251,26251,56.060069,40.184278
26260,262600,56.093027,40.28083
26270,262704,56.129211,40.419063
26290,26290,56.386837,41.113756
26294,26294,56.269009,40.788589
26300,263001,56.363404,41.074273
26303,26303,56.379161,41.188346
26310,263105,56.36921,41.304829
26321,26321,56.392972,41.412477
26334,26334,56.389954,41.446309
26370,263707,56.202476,42.16729
26382,26382,56.10598,42.336916
26392,26392,56.109542,42.518574
26400,264004,56.158687,42.813858
26410,264108,56.230661,42.916362
26421,26421,56.29585,42.784019
26431,26431,56.290288,43.027876
26441,264413,56.413256,42.635782
26450,264502,56.224973,43.17426
26452,26452,56.22279,43.325001
26460,264606,56.26447,43.755613
26470,264704,56.228126,43.454435
26480,264803,56.252446,43.579752
26490,264907,56.252756,43.798507
26492,26492,56.159014,43.812347
26493,26493,56.151471,43.835664
26500,265007,56.358215,44.071698
26510,265100,56.350925,44.070239
26520,265204,56.343076,44.084143
26530,265308,56.406283,43.98078
26540,265401,56.47634,44.04567
26550,265505,56.546676,44.061312
26560,265609,56.614274,44.104584
26562,26562,56.682784,44.194788
26580,265806,56.795102,44.481483
26590,265900,56.917419,44.620432
26600,266005,57.045497,44.890999
26610,266103,57.486256,44.578541
26620,266207,57.171661,45.12316
26630,266300,57.30258,45.385027
26631,26631,57.363964,45.530621
26650,266508,57.429339,45.666657
26660,266601,57.463912,45.792451
26670,266705,57.494477,45.962232
26672,26672,57.569246,46.212958
26691,26691,57.643063,46.477726
26700,267002,57.671218,46.618169
26710,267106,57.772877,46.85816
26720,267200,57.861594,47.099269
26730,267303,57.944815,47.357927
26740,267407,57.974778,47.446012
26750,267500,58.078132,47.69547
26760,267604,58.19626,48.033126
26770,267708,58.301837,48.283414
26780,267801,58.309201,48.342294
26815,26815,58.324062,48.224122
26820,268202,58.312009,48.63956
26832,26832,58.330482,48.739467
26842,26842,58.357216,48.878785
26850,268503,58.40414,49.059356
26860,268607,55.498835,43.817493
26861,26861,55.449824,43.806066
26870,268700,55.601442,43.790608
26880,268804,55.733455,43.878915
26890,268908,55.76341,43.899567
26905,26905,56.120785,43.8344
26906,26906,55.860096,43.81859
26910,269101,55.972067,43.097213
26930,269309,56.11516,43.522748
26940,269402,56.166249,43.873338
26942,26942,56.19924,44.021082
26950,269506,56.123275,44.123769
26960,269601,56.135259,44.133897
26970,269703,56.251463,43.981906
27000,270005,58.518752,49.460971
27010,270109,58.551837,49.541042
27020,270202,58.578122,49.652022
27030,270306,58.623724,49.624899
27040,270403,58.643072,49.729012
27080,270804,58.463416,49.255403
27090,270908,58.644581,49.520087
27100,271008,58.70526,50.19435
27110,271101,58.675187,50.137616
27120,271205,58.675404,50.033074
27130,271309,58.643053,49.728986
27140,271402,58.730179,49.561854
27142,27142,58.838389,49.508266
27160,271609,59.043931,49.272478
27180,27180,59.224874,49.034084
27190,271900,59.39667,48.963273
27200,272000,59.509982,48.816023
27210,272104,59.628228,48.619795
27220,272208,59.683327,48.503855
27230,272301,59.848321,48.275919
27240,272405,59.947095,48.173425
27250,272509,60.05097,48.043576
27270,272706,60.251646,47.783742
27280,27280,60.405778,47.532993
27290,272903,60.356062,47.078272
27300,273003,60.467757,47.48821
27310,273107,60.629869,47.258507
27320,273200,60.818076,47.061537
27330,273304,58.629505,49.586534
27340,273408,58.494922,49.696625
27350,273501,58.469696,49.817314
27360,273605,58.536282,49.988871
27370,273709,58.437655,50.22958
27373,27373,58.462775,50.635555
27380,273802,58.463583,50.074159
27391,27391,58.423342,51.018284
27400,274006,58.403883,51.134569
27410,27410,58.416555,51.288113
27420,274203,58.354309,51.592528
27430,274307,58.249239,52.111523
27451,27451,58.558526,52.211135
27460,274608,58.680477,52.208764
27470,274701,58.773173,52.29531
27482,27482,58.87047,52.343169
27490,274909,58.997079,52.404178
27500,275009,59.051901,52.33396
27510,275102,59.125945,52.337177
27520,275206,59.185379,52.329502
27530,275300,59.346039,52.224753
27540,275403,59.420399,52.355069
27550,275507,59.595529,52.447033
27570,275704,58.133058,52.666773
27580,275808,57.97312,53.005083
27590,275901,57.872691,53.273317
27640,276406,56.986259,52.199811
27651,27651,56.987102,52.153806
27662,27662,56.982686,52.386283
27671,27671,56.990568,52.582327
27683,27683,56.975884,52.70921
27690,276904,56.964823,53.008769
27700,277004,57.116035,52.967088
27710,277108,57.255965,53.011845
27712,27712,57.359796,53.015171
27730,277305,57.452571,53.103227
27740,277409,57.557363,53.050799
27751,27751,57.626426,53.100158
27759,27759,57.723179,53.090708
27771,27771,57.779834,53.218686
27781,27781,57.849631,53.310078
27810,278100,59.283733,52.302172
28000,280007,61.244677,46.879871
28010,280100,61.256947,46.629342
28013,28013,61.212362,46.62383
28030,280308,61.240005,46.763005
28050,280505,61.257324,46.68337
28061,28061,61.27613,46.703573
28070,280702,61.257324,46.68337
28080,280806,61.257324,46.68337
28090,280904,61.260913,47.10369
28100,281000,61.273502,47.24752
28110,281103,61.311267,47.530077
28140,281404,61.755989,48.547331
28149,28149,61.799141,48.677122
28190,281902,62.028334,49.315914
28200,282002,62.090767,49.420546
28210,282106,62.215129,49.794806
28240,282407,62.360588,50.07461
28250,282500,62.373598,50.071828
28262,28262,62.492724,49.808744
28280,28280,62.55518,49.736191
28300,283005,62.845126,49.304099
28310,28310,62.935098,49.179094
28320,283202,63.059183,48.86402
28330,28330,63.235888,48.576555
28340,283400,63.303134,48.52941
28350,283503,63.445211,48.667288
28361,28361,63.426691,48.226817
28370,283700,63.460082,47.968984
28380,283804,61.725533,50.777875
28390,283908,61.658551,50.790955
28400,284008,61.725533,50.777875
28410,284101,61.849163,50.682597
28430,284309,62.207709,50.43318
28444,28444,62.434809,50.234432
28450,284506,62.599868,50.882696
28471,28471,62.703076,51.273513
28482,28482,62.755665,51.484249
28490,284900,62.862188,51.878524
28500,285000,62.983354,52.173266
28501,28501,63.024748,52.274061
28512,28512,63.132565,52.521647
28520,285208,63.213242,52.688241
28530,285301,63.239809,52.89044
28550,285509,63.428857,53.609426
28560,285602,63.575342,53.737181
28570,285706,63.573566,53.778208
28580,285801,63.601639,53.89993
28593,28593,63.556973,53.971341
28600,286003,63.010789,54.774987
28621,28621,62.798326,55.278965
28640,286408,62.748674,56.046392
28651,28651,62.448047,51.393615
28660,286605,63.593228,53.96497
28670,286709,63.721199,54.19247
28680,286802,63.922918,54.443876
28691,28691,64.08049,54.701863
28700,287006,64.177784,54.833935
28710,287102,64.404103,55.196454
28721,28721,64.481346,55.310749
28731,28731,64.552884,55.477576
28741,28741,64.617958,55.691304
28750,287504,64.684694,55.876992
28760,287608,64.897831,56.426923
28772,28772,64.96795,56.634653
28780,287805,65.104546,56.990782
28791,28791,65.108699,57.001597
28800,288009,65.158483,57.235799
28810,288102,65.373309,58.037176
28818,28818,65.614564,58.961765
28824,28824,65.815644,58.062544
28830,288308,66.024606,57.546544
28850,288507,65.748618,59.653051
28860,288600,65.990922,60.321484
28863,28863,66.180938,60.780668
28870,288704,66.032767,60.192913
28880,288808,65.131538,57.188111
28890,288901,66.516694,61.666499
28900,289001,66.67571,62.568957
28905,28905,67.05259,63.076095
28911,28911,67.090512,63.182567
28921,28921,67.210502,63.58107
28930,289302,64.616625,40.560333
28940,289406,67.477386,63.658366
28950,289503,67.496322,64.014084
28952,28952,67.28284,63.646935
28960,289603,67.04273,64.21852
28970,289707,66.722072,66.261849
28971,28971,67.057887,65.513753
28980,289800,66.80629,65.823334
28990,289904,66.649895,66.406036
29000,290009,64.429178,40.60826
29010,290102,64.551817,40.575196
29016,29016,64.408918,40.474487
29020,290206,64.570187,39.797032
29030,290305,64.46951,40.608174
29040,290403,64.564576,40.560359
29050,290507,64.550723,40.574607
29060,290600,64.550723,40.574607
29070,290704,64.550723,40.574607
29080,290808,64.46951,40.608174
29090,290901,64.51528,40.702682
29093,29093,64.330871,41.819273
29100,291001,64.469463,40.608232
29110,291105,64.303968,41.921313
29112,29112,64.183069,42.262736
29120,291209,64.564576,40.560359
29130,291302,64.055329,42.674306
29140,291406,64.035058,43.157201
29150,291500,64.03968,44.01071
29160,291603,64.039868,44.012169
29170,291707,66.635951,66.509392
29180,291800,64.51528,40.702682
29271,29271,60.530214,40.218282
29280,292803,60.606203,40.15773
29290,292907,60.794086,40.093126
29300,293007,60.974297,40.247064
29305,29305,61.190217,40.285276
29320,293204,61.087954,40.281262
29330,293308,61.330122,40.24668
29335,29335,61.439157,40.232688
29351,29351,61.579179,40.199481
29360,293609,61.667587,40.203563
29363,29363,61.804838,40.20789
29383,29383,62.042483,40.243973
29400,294007,62.225731,40.263697
29410,294103,62.328639,40.328252
29420,294207,62.414369,40.382358
29422,29422,62.498173,40.432029
29440,294404,62.604801,40.312921
29460,294601,62.710094,40.295572
29470,294705,62.89745,40.31004
29480,294809,63.074896,40.335208
29490,294902,63.373322,40.341397
29500,295002,63.449352,40.312663
29502,29502,63.529797,40.115718
29515,29515,63.602729,40.468424
29520,295202,63.809942,40.643672
29530,295303,64.010135,40.65601
29544,29544,64.287393,40.650787
29550,295500,63.787623,36.636551
29560,295604,63.735245,36.91575
29570,295708,63.724912,37.052332
29580,295801,63.715771,37.444885
29590,295905,63.708862,37.634843
29610,296109,63.925283,38.095095
29622,29622,63.789165,39.00905
29640,296408,63.776537,39.255766
29650,296503,63.722562,39.664303
29680,296804,63.711697,37.854259
29681,29681,63.76684,38.084147
29690,296908,60.999443,40.423536
29691,29691,61.025045,40.599746
29700,29700,61.045662,40.851773
29710,297101,61.035911,41.619202
29711,29711,61.057046,41.463128
29722,29722,61.053355,40.736785
29730,297309,61.083891,40.843392
29750,29750,61.148501,41.321423
29758,297582,61.078965,41.757114
29770,297703,61.063188,42.082758
29780,297807,61.040072,42.197327
29790,297900,61.033169,42.489332
29792,29792,61.07263,42.839844
29810,298104,61.069007,43.230957
29821,29821,61.034122,43.652453
29830,298301,61.054063,43.907692
29841,29841,61.060872,44.163596
29851,29851,61.077051,44.385914
29860,298602,61.082894,44.615215
29870,298706,61.116613,44.841243
29881,29881,61.142386,45.117162
29890,29890,61.146369,45.339721
29900,299003,61.132927,45.511651
29920,299200,61.142886,45.919414
29931,29931,61.152433,46.351709
29940,299408,61.197376,46.513221
29950,299501,61.099525,46.440671
29960,299605,60.963917,46.424143
29970,299709,60.783997,46.280644
29980,299802,60.995192,46.786507
29982,29982,60.907147,46.841495
30000,300003,59.171895,39.989413
30010,300107,59.206597,39.88283
30020,300200,59.20466,39.930209
30030,300304,59.227979,39.846095
30040,300408,59.20466,39.930209
30050,300501,59.263343,39.896399
30060,300605,59.455571,40.090796
30070,300709,59.50712,40.142934
30081,30081,59.728448,40.172256
30082,30082,59.618076,40.189278
30100,301006,59.812209,40.165902
30110,301109,59.947806,40.202102
30120,30120,60.131154,40.205095
30121,30121,60.235888,40.255575
30130,301307,60.31604,40.265531
30140,301400,60.473902,40.218309
30162,30162,59.257107,39.659168
30172,30172,59.245569,39.493687
30180,301805,59.234854,39.144698
30190,301909,59.219103,38.968009
30200,302009,59.205453,38.833285
30210,302102,59.208882,38.523007
30222,30222,59.168374,38.236999
30230,302304,59.140547,37.926096
30240,302403,59.133662,37.826103
30250,302507,59.151386,37.883223
30260,302600,59.140595,37.769712
30270,302704,59.133662,37.826103
30280,302808,58.420988,40.352823
30281,30281,58.310856,40.22302
30290,302901,58.542929,40.213537
30292,30292,58.612337,40.261574
30310,303105,58.71679,40.127501
30320,303209,58.884585,40.230214
30344,30344,59.022403,40.458227
30350,303500,58.930189,40.76554
30360,303603,58.808101,41.054056
30371,30371,58.552304,41.403631
30374,30374,58.649024,41.289196
30411,30411,58.233862,40.300718
30412,30412,58.296119,40.540874
30416,30416,58.254187,40.411405
30430,304305,58.339316,40.693689
30431,30431,58.336267,40.868884
30432,30432,58.346013,41.045326
30440,30440,58.393796,41.182019
30450,304502,58.463788,41.415601
30460,304606,58.46666,41.545448
30470,304705,58.423375,41.886966
30490,304907,57.589553,40.763279
30491,30491,57.712343,40.862899
30500,305007,57.754691,40.896477
30510,305100,57.757203,40.98015
30520,305204,57.787826,41.069837
30530,305308,57.801523,41.206242
30540,305401,57.925827,41.675399
30552,30552,58.167932,42.144586
30557,30557,58.037039,41.931228
30560,305609,57.801537,42.195485
30570,305702,57.655976,42.220417
30580,305806,57.514956,42.121009
30600,306006,58.368634,42.344235
30610,306103,58.349109,42.540527
30620,306207,58.337997,42.666987
30630,306300,58.400674,43.00473
30640,306404,58.351556,43.346165
30650,306508,58.305119,43.572666
30660,306601,58.298727,43.740082
30670,306705,58.286026,43.893721
30681,30681,58.316674,44.12143
30682,30682,58.292263,43.960497
30700,307002,58.315528,44.324444
30710,307106,58.335383,44.74722
30720,307201,58.341145,44.838658
30730,307303,58.343607,45.180607
30740,307407,58.368319,45.336787
30750,307500,58.365625,45.526322
30751,30751,58.371737,45.642692
30770,307708,58.370662,45.743935
30780,307801,58.360883,45.919632
30790,307905,58.355093,46.315287
30800,308005,58.346923,46.474174
30810,308109,58.333831,46.686544
30823,30823,58.32677,46.884028
30830,308306,58.302181,47.108773
30840,308407,58.28229,47.505082
31000,310005,57.625493,39.834811
31010,310109,57.625493,39.834811
31020,310202,57.73452,39.732222
31050,310503,57.699072,39.874694
31060,310607,57.643052,39.86273
31070,310700,57.701277,39.86285
31082,31082,57.812775,40.083626
31092,31092,57.858728,40.135993
31105,31105,57.996875,40.16465
31110,311101,58.187984,40.186209
31130,311309,57.819639,37.367396
31139,31139,57.818469,37.627482
31151,31151,57.850964,37.851823
31160,311600,57.90624,38.062237
31170,31170,57.931466,38.23943
31180,311807,57.951577,38.407078
31190,31190,57.972341,38.485767
31200,31200,57.998181,38.615598
31210,312104,58.041862,38.833531
31220,312208,58.079989,38.698912
31230,312301,58.040151,38.878506
31240,312405,58.041607,38.87061
31250,312509,57.87015,39.151716
31262,31262,57.755236,39.538211
31265,31265,57.824641,39.601118
31266,31266,57.767705,39.283207
31268,31268,57.804286,39.341259
31270,312706,57.708121,39.688735
31280,312805,57.866937,39.525934
31310,313107,57.674473,39.758845
31330,313304,56.506911,38.849479
31340,31340,56.59717,39.022742
31350,313501,56.734425,38.886821
31363,31363,56.620538,39.11729
31370,313709,56.708992,39.211383
31382,31382,56.802605,39.24248
31391,31391,56.859432,39.288725
31400,314006,56.92994,39.292808
31410,314106,57.002775,39.273913
31421,31421,57.093222,39.297516
31430,314307,57.197754,39.40762
31440,314400,57.305705,39.535747
31442,31442,57.386371,39.595208
31450,314504,57.302803,39.841806
31470,314701,57.489982,39.691638
31481,31481,57.591723,39.833963
31490,314909,57.566852,39.766349
31512,31512,57.559068,39.918168
31520,315206,57.527934,39.96166
31530,315301,57.492015,40.121524
31540,315403,57.436784,40.319603
31550,315507,57.462851,40.551847
31570,31570,57.34825,40.838112
31580,315808,57.281901,40.915977
31600,316001,57.245231,41.115114
31620,316209,57.448682,41.167662
31630,316302,57.096363,41.247073
31635,31635,57.135087,41.483897
31650,316507,57.152544,41.609414
31660,316603,57.221149,41.924511
31670,316707,57.436214,42.127103
31680,316800,57.452872,42.141265
31690,31690,56.239413,38.993158
31700,317004,57.441813,42.150707
31702,31702,56.249993,39.097096
31710,317108,56.291213,39.386237
31720,317201,56.401187,39.563486
31730,317305,56.485931,39.668756
31731,31731,56.490101,39.864897
31732,31732,56.545538,39.921998
31740,317409,57.441813,42.150707
31760,317606,56.566527,40.120388
31770,317702,56.635655,40.304296
31781,31781,56.663862,40.381548
31800,318007,56.803122,40.553571
31810,318100,56.857971,40.565425
31820,318204,56.885699,40.632467
31831,31831,56.934887,40.71369
31840,318401,56.998272,40.890649
31850,318505,57.017961,40.980121
31860,318609,57.008251,41.036584
31880,318806,56.985183,41.06118
31890,318908,56.950732,41.141275
31900,319003,56.847117,41.350436
31901,31901,56.72621,41.307577
31921,31921,56.658413,41.263187
31930,319300,56.589163,41.211951
31931,31931,56.486988,41.198621
32000,,50.431439,30.64584
32010,,50.405313,30.537058
32020,,50.421251,30.511384
32030,,50.440113,30.488223
32040,,50.452309,30.409362
32050,,50.413515,30.432778
32060,,50.484554,30.499757
32064,,50.462241,30.417262
32070,,50.46046,30.597219
32080,,50.35417,30.544833
32090,,50.185749,30.625495
32100,,50.43737,30.659503
32110,,50.182412,30.107727
32120,,48.995084,31.322709
32123,,50.314726,30.298701
32130,,48.992655,31.29872
32150,,50.694885,29.628898
32170,,50.558143,29.598666
32180,,50.628007,29.889941
32190,,50.602665,29.948583
32200,,50.582918,30.00967
32210,,50.547441,30.218986
32220,,50.516967,30.248791
32230,,50.488007,30.334325
32240,,50.456436,30.389018
32244,,50.433352,30.402879
32250,,50.391227,30.856604
32260,,50.376807,30.946318
32270,,50.346787,31.313336
32280,,50.328339,31.500095
32290,,50.264034,31.655876
32300,,50.238181,31.793466
32301,,50.203837,31.952305
32310,,50.17726,32.108603
32320,,50.148243,32.267314
32330,,50.514417,30.813725
32340,,50.646886,31.038324
32350,,50.730789,31.28448
32360,,50.763545,31.371502
32370,,50.825068,31.550778
32380,,50.903563,31.604512
32390,,52.052699,31.153097
32400,,51.019494,31.894164
32410,,52.07111,31.148634
32420,,51.964046,31.156454
32430,,51.773932,31.112784
32440,,51.597879,31.215021
32460,,51.493693,30.527215
32470,,51.511509,30.637963
32484,,51.504419,30.908018
32500,,51.485768,31.266454
32510,,51.519885,31.249011
32520,,51.425931,31.553049
32530,,51.36684,31.664508
32531,,51.32659,31.784504
32560,,51.095318,31.905617
32570,,51.081305,32.146891
32580,,51.102391,32.441929
32590,,51.180855,32.800572
32600,,51.188188,32.841643
32610,,51.176374,32.824244
32620,,51.242217,32.698917
32630,,51.316133,32.579191
32640,,51.241894,34.461575
32650,,51.463994,32.332406
32660,,51.532143,32.235669
32670,,51.670602,32.075803
32680,,51.762411,32.245337
32690,,51.81478,31.942693
32700,,51.863202,31.781032
32710,,51.913763,31.641578
32720,,52.030048,31.492213
32726,,52.030048,31.492213
32730,,51.241894,34.461575
32740,,51.223234,33.187786
32750,,51.263099,33.173545
32761,,51.36997,33.15396
32770,,51.45291,33.221074
32780,,51.551985,33.363561
32791,,51.642641,33.436286
32810,,51.764126,33.480892
32812,,51.825797,33.588956
32820,,51.858543,33.479913
32824,,51.91589,33.279249
32840,,51.680045,33.938364
32860,,51.910573,33.744687
32870,,52.044135,33.945268
32880,,52.182415,34.022268
32890,,51.199159,33.391026
32901,,51.213888,33.540907
32920,,51.202901,33.848461
32930,,51.167754,34.253445
32940,,51.167754,34.253445
32980,,51.811851,34.039667
32990,,51.952958,33.944303
33000,,49.033373,28.113312
33001,,49.040124,28.060984
33010,,49.532228,26.20837
33020,,49.497223,26.445921
33030,,49.509045,26.618591
33040,,49.452651,24.268372
33060,,49.441563,26.931656
33070,,49.416162,27.009688
33080,,49.373069,27.142639
33090,,49.291033,27.29468
33100,,49.266686,27.434728
33110,,49.195014,27.665466
33140,,48.600961,28.721358
33142,,48.664223,28.645302
33160,,48.787797,28.472583
33170,,48.902374,28.268071
33180,,48.457701,27.774593
33190,,48.457701,27.774593
33220,,48.606758,27.78089
33240,,48.788457,27.753739
33250,,48.884845,27.752966
33260,,49.035961,27.724116
33270,,49.040324,27.948415
33290,,48.688055,26.602053
33292,,48.514082,26.745177
33300,,48.770698,26.606358
33310,,48.826368,26.607645
33320,,48.90988,26.637557
33330,,49.022049,26.839654
33340,,49.108567,26.31807
33350,,49.146666,26.471269
33360,,49.168555,26.599927
33370,,49.179771,26.803976
33380,,49.322937,26.855432
33400,,49.66912,27.015379
33410,,49.752708,27.16574
33411,,49.703805,27.131252
33420,,49.790894,26.988345
33430,,50.028188,27.01195
33460,,52.182499,34.022457
33550,,49.086481,28.142565
33560,,49.104748,28.334662
33570,,49.15097,28.489548
33580,,49.239258,28.510915
33590,,49.123552,28.71214
33601,,49.041241,28.918638
33620,,48.981037,28.873577
33630,,48.915031,28.971876
33640,,48.873307,29.081035
33650,,48.903646,29.183536
33661,,48.908951,29.287913
33670,,48.795346,29.391633
33680,,50.226093,30.225945
33687,,49.418015,29.005434
33688,,50.238591,30.260062
33700,,49.485357,28.590457
33710,,49.565144,28.715828
33720,,49.640582,28.785952
33740,,50.229479,30.235994
33750,,49.734465,27.218697
33760,,49.668011,27.673667
33770,,49.559136,27.985432
33780,,49.507064,28.206096
33790,,49.492628,28.343752
33811,,49.364915,29.141736
33812,,49.495519,29.278121
33850,,49.243305,30.097206
33860,,49.307062,29.807274
33870,,49.366464,29.709644
33871,,49.375175,29.648873
33873,,49.408061,29.428892
33900,,49.504967,29.27855
33910,,49.492769,29.302919
33930,,49.644233,29.205614
33950,,49.727785,28.914887
33960,,51.57633,32.98881
33970,,52.203946,32.582888
33973,,52.168717,32.895325
33990,,51.993546,33.257117
34000,,50.196279,27.068119
34010,,50.164428,27.077645
34030,,49.998661,26.378227
34050,,50.033548,26.626836
34060,,50.056328,26.75912
34070,,50.108323,26.835668
34090,,50.470036,26.335025
34100,,50.436443,26.494547
34110,,50.43685,26.492916
34112,,50.415288,26.557405
34120,,50.360549,26.703832
34122,,50.331326,26.825992
34130,,50.318155,26.90265
34140,,50.320079,26.890205
34150,,50.255849,26.955522
34170,,50.139664,27.489114
34180,,50.100269,27.668422
34190,,50.075855,27.799947
34200,,50.05318,27.955383
34210,,50.018786,28.145662
34220,,49.982773,28.246877
34240,,49.888675,28.615124
34260,,49.716273,28.843936
34270,,49.706199,28.832177
34280,,49.766183,28.919672
34290,,49.922282,29.205576
34300,,50.024579,29.01155
34310,,49.944516,29.46287
34320,,49.754047,29.656859
34330,,49.981348,29.732965
34350,,50.076918,29.927462
34360,,50.051945,29.944714
34380,,49.81232,30.109716
34390,,49.779901,30.185046
34400,,49.738923,30.363394
34410,,52.235056,26.937753
34420,,49.65756,30.650498
34440,,49.678066,30.911841
34450,,49.565709,30.887108
34460,,49.840929,30.785225
34470,,50.140244,30.75259
34480,,50.041793,29.518372
34490,,50.100506,29.384179
34500,,50.137289,29.103741
34510,,50.20439,28.778985
34520,,50.54799,27.660126
34530,,50.011664,28.635686
34540,,50.107362,28.664373
34550,,50.175568,28.705348
34560,,50.268055,28.699431
34570,,50.316152,29.020135
34580,,50.455819,28.683453
34590,,50.536292,28.667192
34600,,50.692001,28.624608
34611,,50.862921,28.589741
34620,,50.960995,28.593114
34630,,50.957471,28.636201
34640,,50.98511,28.614398
34650,,51.072564,28.678393
34660,,51.142874,28.71493
34662,,51.22717,28.769474
34670,,50.598535,27.593194
34680,,51.324682,28.819403
34690,,51.352336,29.282261
34700,,51.360782,29.43956
34710,,50.934636,28.715423
34720,,51.362256,28.844551
34730,,50.87387,28.936859
34740,,50.774059,29.296133
34750,,50.735772,29.371816
34770,,51.470122,28.951607
34771,,51.565652,29.038517
34780,,50.291831,27.307103
34790,,50.357021,27.395651
34800,,50.598371,27.593194
34809,,50.532206,27.703807
34810,,50.430948,28.119648
34820,,50.350542,28.430934
34830,,51.470197,28.951573
34840,,50.806167,28.06641
34850,,50.813183,28.090174
34860,,50.851258,28.185826
34870,,50.858623,28.199457
34880,,50.423501,27.500852
34890,,51.227846,27.647776
34900,,51.223426,27.731962
34910,,51.152856,27.975954
34920,,51.117515,28.052047
34930,,51.033957,28.383112
34950,,51.019777,28.642143
34955,,51.164066,28.19958
34960,,51.295209,28.495468
34970,,51.289656,28.588717
35000,,50.505921,26.271531
35010,,50.458152,26.037262
35030,,50.386258,25.755589
35031,,50.352983,25.702062
35040,,50.242551,25.766208
35050,,50.121111,25.714153
35060,,50.281194,25.597444
35070,,50.222479,25.497991
35080,,50.119041,25.26266
35090,,50.073957,25.141705
35100,,50.037617,24.975383
35110,,49.972104,24.819638
35130,,51.198329,23.895629
35140,,51.198329,23.895629
35150,,51.198329,23.895629
35170,,50.073957,25.141705
35200,,51.215129,24.04291
35210,,51.215129,24.04291
35213,,51.23174,24.227492
35220,,51.240846,24.363944
35230,,51.228972,24.629285
35250,,50.828576,24.059338
35260,,50.828576,24.059338
35300,,50.862246,24.164847
35303,,50.863792,24.260579
35310,,50.638136,24.367914
35320,,50.843051,24.335311
35321,,50.92846,24.385348
35380,,51.07813,24.531842
35390,,51.177591,24.618978
35410,,51.629384,24.251854
35420,,51.629384,24.251854
35440,,51.442775,24.427914
35450,,51.234064,24.692831
35460,,51.601459,24.960791
35470,,51.288479,25.339236
35480,,51.272118,25.131849
35490,,51.292631,25.533354
35510,,51.306224,25.993457
35520,,51.311351,26.303245
35541,,51.329676,26.467381
35550,,51.338674,26.60296
35552,,51.330158,26.753273
35570,,51.311047,26.891918
35580,,51.30123,27.068007
35590,,51.270879,27.223139
35600,,51.262864,27.369379
35620,,51.559914,26.594497
35630,,51.697308,26.723483
35640,,51.747051,26.75039
35650,,51.747051,26.75039
35660,,50.627649,26.239314
35670,,50.767375,26.375012
35680,,50.871282,26.443846
35690,,50.985165,26.515599
35700,,51.097129,26.550965
35710,,51.201552,26.574583
35730,,50.449379,24.816358
35740,,50.498992,24.899561
35750,,50.526607,25.04314
35760,,50.611006,25.15652
35770,,50.692584,25.32043
35780,,50.759891,25.350372
35840,,51.160543,24.827442
35850,,51.082594,25.006978
35860,,51.173514,24.979529
35870,,50.987705,25.156322
35880,,50.910269,25.258936
35900,,50.83134,25.459506
35910,,50.783138,25.74135
35920,,50.77288,25.885237
35930,,50.750823,26.031643
35940,,50.677671,26.176424
36000,,49.553801,25.601143
36020,,49.685455,25.768341
36030,,49.874177,26.08358
36050,,49.788843,24.891445
36060,,49.691813,25.132688
36070,,49.617218,25.533361
36090,,49.531943,25.757695
36100,,49.418966,25.968393
36120,,49.596505,25.907172
36130,,49.52931,26.139415
36160,,49.403372,24.61065
36170,,49.383371,24.77965
36220,,49.377487,24.984849
36230,,49.445004,24.951671
36240,,49.429408,25.161914
36250,,49.47161,25.353604
36260,,49.490808,25.605009
36280,,49.360096,25.649953
36290,,49.298402,25.69681
36300,,49.239977,25.770106
36310,,49.19507,25.910769
36330,,49.099142,25.931085
36340,,49.073651,26.182619
36360,,49.04579,25.901358
36370,,49.038173,25.860674
36380,,48.986769,25.883897
36390,,48.888921,25.946642
36392,,48.852521,26.040109
36400,,48.843043,26.202867
36410,,48.803575,26.060577
36412,,48.68596,26.168526
36420,,48.644626,26.174047
36440,,49.066921,25.383846
36450,,49.066921,25.440494
36460,,49.044264,25.672143
36470,,49.026717,25.788202
36480,,49.022819,25.723727
36490,,48.933607,25.736205
36500,,48.854804,25.725704
36510,,48.756296,25.711428
36520,,48.644978,25.737971
36530,,48.644397,25.719003
36540,,48.618373,25.687663
36580,,48.541386,25.751441
36590,,48.533986,25.855483
36620,,48.435887,25.777044
36630,,48.361982,25.770963
36631,,48.352769,25.834278
36650,,48.31759,25.918245
36660,,48.300672,25.932118
36680,,48.332009,25.949072
36690,,48.288503,26.024187
36699,,48.259084,26.136747
36710,,48.22435,26.283183
36712,,48.226727,26.436315
36730,,48.252986,26.577706
36740,,48.252986,26.577706
36750,,48.430498,26.851654
36760,,48.430498,26.851654
36780,,48.465983,27.138535
36790,,48.495935,27.253195
36800,,48.443508,27.373513
36810,,48.443508,27.373513
36820,,48.267325,25.955577
36830,,48.203761,25.909897
36840,,48.079854,25.93407
36860,,48.023846,25.960262
36870,,48.023846,25.960262
36880,,48.023846,25.960262
36940,,48.173201,25.339762
36950,,48.154705,25.727041
36960,,48.093854,25.842086
36970,,48.012543,25.595315
37000,,49.840995,23.994377
37001,,49.859205,23.985696
37020,,49.851398,24.036193
37030,,49.818714,23.932485
37031,,49.779979,23.892148
37040,,49.854327,23.982555
37041,,49.874792,23.957781
37050,,49.874792,23.957781
37060,,49.882827,24.093752
37070,,49.920124,24.223611
37072,,50.004277,24.275712
37080,,50.195455,24.52603
37090,,50.08208,24.33746
37100,,50.19826,24.35136
37110,,50.291062,24.264306
37120,,50.354708,24.222159
37130,,50.395351,24.228758
37140,,50.464795,24.256873
37159,,50.230601,24.566465
37170,,50.283893,24.625082
37180,,50.377529,24.667017
37210,,49.904331,23.938205
37220,,49.990235,24.044945
37230,,50.005539,24.012187
37240,,50.120587,23.832981
37242,,50.200656,23.725631
37250,,50.229746,23.63704
37260,,50.229746,23.63704
37290,,50.378436,23.731876
37300,,50.388289,24.02178
37320,,49.961782,23.405084
37330,,49.97014,23.555102
37350,,49.806789,23.086377
37360,,49.806789,23.086377
37370,,49.806789,23.086377
37380,,49.806789,23.086377
37410,,49.504247,22.757921
37420,,49.818545,23.129263
37440,,49.799361,23.384683
37449,,49.793057,23.510061
37460,,49.789821,23.63003
37462,,49.840396,23.675544
37467,,49.838282,23.92556
37479,,49.504247,22.757921
37490,,49.531406,22.850579
37499,,49.690991,22.819453
37520,,49.151405,23.02601
37523,,49.081504,22.888786
37530,,49.186989,23.071943
37534,,49.27462,22.98005
37554,,49.337156,22.99033
37560,,49.444439,23.003546
37570,,49.515163,23.213685
37580,,49.639407,23.496676
37590,,49.658276,23.680491
37600,,49.715012,23.733062
37619,,49.439136,23.567232
37630,,49.355181,23.544121
37640,,49.297264,23.43123
37650,,49.295392,23.54594
37670,,48.920394,23.478559
37680,,48.976492,23.470482
37690,,49.033344,23.504042
37691,,49.092082,23.58825
37709,,49.149544,23.694511
37721,,49.216092,23.752159
37740,,49.259126,23.840644
37746,,49.450031,23.956179
37760,,49.498976,23.962776
37780,,49.510662,23.954883
37790,,49.652925,23.862394
37800,,49.734336,23.898968
37820,,49.292903,23.964715
37830,,49.32887,24.105965
37840,,49.377169,24.159207
37850,,49.738953,24.153623
37860,,49.809085,24.033628
37870,,49.798043,24.070127
37880,,49.699317,24.193486
37890,,49.628959,24.225934
37892,,49.558401,24.215198
37900,,49.493945,24.220854
37910,,49.39931,24.307918
37915,,49.408144,24.436925
37930,,49.860624,24.257007
37970,,49.877734,24.443974
37980,,49.91702,24.616287
38000,,48.429156,22.713737
38010,,48.433536,22.207744
38020,,48.433536,22.207744
38030,,48.433536,22.207744
38050,,48.433536,22.207744
38060,,48.433536,22.207744
38080,,48.429156,22.713737
38092,,48.512638,22.245161
38100,,48.608709,22.300641
38110,,48.608709,22.300641
38120,,48.608709,22.300641
38150,,48.692554,22.417309
38160,,48.732912,22.48027
38170,,48.792815,22.490401
38180,,48.899548,22.458458
38191,,48.944633,22.601086
38200,,48.986718,22.635519
38210,,48.991185,22.709182
38220,,49.022998,22.90213
38240,,48.394381,22.314966
38250,,48.361586,22.384621
38260,,48.361586,22.384621
38300,,48.368384,22.490714
38310,,48.387927,22.567466
38320,,48.409993,22.644825
38330,,48.409993,22.644825
38340,,48.46605,22.771186
38360,,48.551749,22.988132
38370,,48.713394,23.185953
38376,,48.812548,23.358457
38390,,48.387985,22.567405
38402,,48.287362,22.466102
38410,,48.202207,22.630894
38420,,48.164293,22.722161
38440,,48.133752,23.029179
38445,,48.274756,22.908716
38452,,48.315992,23.041496
38470,,48.156447,23.144977
38480,,48.071824,23.056794
38481,,48.013107,23.008028
38490,,48.013107,23.008028
38510,,47.995048,23.702296
38520,,48.19045,23.210598
38530,,48.175202,23.281622
38540,,48.05599,23.494378
38550,,48.014768,23.573328
38560,,47.995067,23.702198
38570,,47.949669,23.877734
38590,,47.949727,23.877734
38610,,47.998448,24.197838
38620,,47.998448,24.197838
38630,,48.054502,24.212175
38640,,48.25664,24.353979
38650,,48.294702,24.567876
38660,,48.50797,24.617225
38662,,48.552543,24.735537
38690,,48.622632,24.584711
38700,,48.690511,24.615034
38710,,48.823898,24.719547
38720,,49.090469,24.79644
38730,,49.063583,23.871892
38740,,48.982023,23.987334
38750,,48.935777,23.913801
38760,,48.998878,24.163167
38770,,49.012156,24.349499
38780,,48.999957,24.596826
38790,,49.038935,24.759865
38800,,49.259332,24.495089
38810,,49.216716,24.647826
38830,,48.985709,24.710539
38840,,48.918936,24.726633
38850,,48.876556,24.751132
38860,,48.736639,24.845258
38870,,48.597892,25.081142
38880,,48.533882,25.062902
38900,,48.682206,25.477152
38910,,48.50883,25.168018
38920,,48.473208,25.309186
38930,,48.429326,25.504729
38931,,48.411244,25.595419
38940,,48.382027,25.510394
38942,,48.362773,25.356054
38960,,48.298968,25.253625
38970,,48.249509,25.192263
38980,,48.399008,25.656577
38990,,48.818047,24.789283
39000,,46.827571,29.469501
39010,,46.844144,29.634172
39020,,46.802872,29.861397
39040,,46.623195,29.919696
39060,,46.837467,29.474994
39070,,46.887134,29.284255
39080,,46.905707,29.174743
39090,,46.927122,29.05057
39100,,46.961718,28.922931
39110,,46.623195,29.919696
39120,,47.009177,28.863193
39130,,45.770101,28.591425
39140,,47.087688,28.740124
39150,,47.149287,28.619486
39160,,47.188738,28.448683
39170,,47.242307,28.33573
39190,,47.322324,27.885805
39200,,47.21202,27.804609
39210,,47.21202,27.804609
39220,,47.21202,27.804609
39230,,46.80255,29.862155
39240,,46.323492,28.981106
39260,,48.271169,26.665171
39280,,47.544967,27.741057
39290,,47.619604,27.772624
39300,,47.723653,27.824141
39310,,47.740358,27.86431
39320,,47.762441,27.911345
39330,,47.785209,27.929175
39350,,47.952721,27.836841
39360,,48.033763,27.813492
39370,,48.170261,27.645109
39380,,48.239826,27.608881
39390,,48.24258,27.503887
39391,,48.32256,27.498791
39400,,48.133187,27.372944
39410,,48.405649,27.492402
39420,,48.413786,27.602011
39430,,48.453021,27.732811
39440,,48.278499,26.731755
39450,,48.297058,26.782567
39460,,48.355264,26.787893
39470,,48.355264,26.787893
39480,,47.754439,29.205826
39520,,48.453021,27.732811
39530,,48.405649,27.492402
39540,,47.811574,28.07302
39550,,47.875356,28.234382
39560,,47.888521,28.304763
39570,,47.868889,28.378921
39580,,47.834225,28.444496
39590,,47.90981,28.493664
39600,,47.860572,28.607574
39610,,47.817535,28.799045
39620,,47.809716,28.872276
39630,,47.793756,28.959136
39650,,47.710172,29.105735
39660,,47.754439,29.205826
39670,,45.923719,28.190548
39680,,46.156237,28.156388
39690,,46.272425,28.203938
39700,,46.272425,28.203938
39710,,46.281828,28.227839
39720,,46.420665,28.419888
39730,,46.364301,28.652303
39740,,46.086048,28.164627
39760,,45.471095,28.206773
39770,,45.471095,28.206773
39780,,45.471095,28.206773
39790,,45.471095,28.206773
39830,,45.544612,28.428464
39840,,45.679319,28.477819
39850,,45.761946,28.527265
39860,,45.761946,28.527265
39870,,45.928383,28.648696
39872,,46.006393,28.769136
39880,,46.081682,28.838022
39885,,46.257418,28.934023
39890,,46.35557,28.901197
39900,,46.323661,28.981137
39910,,46.531953,28.921023
39920,,46.531953,28.921023
39930,,46.671901,29.097453
39960,,45.544612,28.428464
39970,,46.611083,29.3118
39980,,46.674973,29.448844
39990,,46.742345,29.517694
40000,,46.554253,30.754347
40010,,46.827586,30.759303
40020,,46.455415,30.711149
40021,,46.467391,30.740439
40030,,46.485568,30.748832
40040,,46.485568,30.748832
40070,,46.525037,30.726401
40080,,46.525037,30.726401
40081,,46.495765,30.712822
40090,,46.631058,30.793432
40100,,46.738079,30.784258
40110,,46.827704,30.759389
40120,,46.631058,30.793432
40130,,46.827704,30.759389
40140,,46.331985,30.559101
40143,,47.00878,30.753951
40150,,47.170969,30.833747
40170,,46.441395,30.653536
40180,,46.335288,30.670104
40190,,46.331985,30.559101
40200,,46.32287,30.637334
40210,,46.32287,30.637334
40220,,46.335288,30.670104
40230,,45.458014,28.265878
40240,,45.735311,28.602497
40250,,46.335288,30.670104
40260,,46.335288,30.670104
40270,,46.335288,30.670104
40280,,45.478921,28.413346
40290,,46.441395,30.653536
40300,,46.827704,30.759389
40310,,46.139825,30.353548
40320,,46.184968,30.338941
40330,,46.184968,30.338941
40340,,45.458014,28.265878
40350,,45.458014,28.265878
40360,,45.712226,28.597176
40370,,46.039826,29.912843
40380,,46.015832,29.681167
40390,,45.996621,29.42106
40392,,46.030519,29.295156
40400,,46.335288,30.670104
40402,,45.945615,29.272815
40403,,45.860307,29.221611
40410,,46.478619,30.653597
40420,,45.790103,29.187665
40430,,45.651042,29.114559
40440,,45.626333,28.975913
40450,,45.359875,28.811073
40460,,45.359875,28.811073
40470,,45.458008,28.265857
40480,,45.458008,28.265857
40490,,45.458008,28.265857
40500,,46.229894,29.206277
40505,,45.836719,28.599154
40507,,46.448204,28.961451
40510,,46.47861,30.653595
40520,,46.525373,30.605038
40530,,46.580227,30.548604
40547,,46.68546,30.333402
40552,,46.71963,30.269127
40560,,46.850173,30.07378
40570,,46.892946,30.044135
40571,,46.82553,30.036076
40580,,46.753856,30.003001
40590,,46.910484,30.720051
40595,,46.987751,30.048382
40600,,47.007788,30.309789
40610,,46.991071,30.450207
40620,,45.478981,28.413003
40630,,47.106157,29.991481
40640,,47.335789,29.879409
40650,,46.11121,30.080159
40652,,47.438528,29.795718
40660,,46.363043,30.621491
40670,,47.651874,29.583826
40683,,47.809499,29.514408
40685,,47.856153,29.525751
40700,,47.836584,29.876033
40710,,47.858864,30.123012
40720,,47.84518,30.270982
40730,,47.877415,30.585657
40740,,47.911818,30.786684
40750,,47.965461,30.846848
40760,,48.041264,30.854295
40770,,48.458517,28.838424
40780,,47.865432,29.494868
40790,,47.884035,29.346259
40800,,47.979025,29.262881
40810,,48.088613,29.125856
40820,,48.215158,28.976084
40821,,48.259479,28.935423
40822,,48.218755,29.011921
40830,,48.270741,28.936882
40832,,48.245433,28.950037
40833,,48.100831,28.855158
40835,,48.100716,28.854986
40837,,48.290919,29.260918
40838,,48.214495,29.350805
40840,,48.378301,28.865975
40842,,48.323055,28.976021
40850,,48.533814,28.746736
40860,,45.735366,28.602656
40863,,48.340109,29.549142
40870,,48.578596,28.990919
40871,,48.561813,28.918106
40880,,48.571152,29.086877
40890,,48.514047,29.210634
40900,,48.630757,29.238113
40910,,48.621786,29.363618
40920,,48.709997,29.447037
40930,,48.338175,30.598734
40940,,48.602024,29.508004
40950,,48.497784,29.638007
40960,,48.457856,29.738008
40970,,48.345004,29.817653
40971,,48.345004,29.817653
40974,,48.31738,29.949395
40977,,48.325138,30.240225
40980,,49.399168,25.144748
40982,,49.399168,25.144748
40990,,48.31738,29.94958
41000,,48.711172,32.672694
41001,,48.708968,32.701344
41010,,48.359438,30.397495
41020,,48.675719,32.884103
41030,,48.732319,33.066673
41040,,48.674014,33.133147
41050,,47.535558,29.739891
41070,,48.507306,33.502222
41073,,48.450291,33.619122
41074,,48.822702,33.163104
41080,,46.455344,30.711192
41090,,48.912891,33.342821
41100,,48.579385,33.224751
41110,,48.749179,32.525059
41120,,48.687518,32.366786
41130,,48.590177,32.383224
41140,,48.523038,32.261929
41150,,48.518919,32.126151
41160,,48.515528,31.972376
41170,,48.460688,31.727862
41180,,48.332285,31.516103
41190,,48.243302,31.410722
41193,,48.188612,31.378516
41200,,48.376684,30.104649
41212,,48.168453,31.267062
41220,,48.12394,31.035692
41230,,48.110627,30.892693
41240,,48.112539,30.784395
41250,,48.163765,30.616528
41260,,48.049873,30.922489
41270,,47.308905,31.021022
41280,,47.361028,31.232343
41290,,47.468204,31.279159
41300,,47.572681,31.323759
41310,,47.641216,31.300756
41320,,47.704925,31.305436
41330,,47.764449,31.277198
41340,,47.908866,31.272979
41350,,48.03483,31.45021
41352,,48.161268,31.450008
41360,,48.105925,32.669633
41370,,48.648555,32.623398
41379,,48.565542,32.671503
41400,,48.313635,32.792117
41410,,48.103984,32.766993
41411,,48.053178,32.830779
41412,,48.081903,32.744763
41420,,48.095472,32.165701
41424,,48.117565,31.523351
41433,,47.963796,32.770017
41440,,47.881308,32.761328
41450,,47.783544,32.669328
41460,,47.686002,32.575077
41470,,47.535053,32.515223
41474,,47.447733,32.499344
41480,,47.114814,32.303978
41490,,47.319356,32.469439
41500,,46.994991,32.152996
41510,,46.937935,32.062384
41511,,46.923164,32.043019
41520,,46.932284,32.029335
41530,,46.932284,32.029335
41540,,46.139899,30.353466
41550,,46.229953,29.206321
41560,,46.932284,32.029335
41570,,46.753974,30.00307
41580,,46.753974,30.00307
41600,,47.025438,32.423514
41610,,47.065291,32.780452
41615,,46.91807,33.147179
41618,,46.861669,33.267531
41621,,47.096092,32.881419
41630,,47.161536,32.946477
41640,,47.243817,32.99169
41650,,47.351133,33.195488
41660,,47.411287,33.442714
41670,,47.483101,33.530219
41701,,46.856973,34.060774
41712,,47.000008,34.685116
41730,,46.915589,32.068959
41740,,46.862152,32.040653
41750,,46.835213,31.966801
41760,,46.86517,32.182609
41770,,46.809733,32.307895
41780,,46.656383,32.604106
41790,,46.630056,32.568507
41800,,46.630056,32.568507
41810,,46.835213,31.966801
41820,,47.883832,29.346252
41830,,46.862138,32.040707
41840,,46.630056,32.568507
41850,,46.656383,32.604106
41870,,46.631186,32.834869
41880,,46.56397,32.943934
41920,,46.335279,30.670126
41936,,46.960132,32.75575
41938,,46.784478,32.694328
41940,,47.057989,31.955293
41950,,47.092272,31.931335
41960,,47.187041,31.717465
41970,,46.335279,30.670126
41980,,46.545999,30.586162
41990,,46.545999,30.586162
42000,,49.202517,31.898131
42005,,49.101709,31.995716
42010,,48.991623,31.219139
42020,,48.67447,29.646365
42021,,48.752349,29.791324
42040,,49.247387,29.229162
42050,,49.175481,29.391646
42051,,49.117666,29.326343
42070,,49.07362,29.358999
42082,,49.091507,29.553844
42090,,49.005353,29.715095
42110,,48.815812,29.971093
42120,,48.732766,30.204183
42130,,48.919695,30.329715
42140,,48.89504,30.723405
42150,,48.982006,30.983699
42160,,49.017674,31.048784
42170,,49.118126,30.981697
42180,,49.265331,30.85095
42190,,49.288944,30.742176
42200,,48.995573,31.399416
42210,,49.058513,31.497965
42230,,49.429929,31.313905
42250,,49.200393,31.463541
42260,,49.152867,31.529955
42270,,49.623036,31.024944
42280,,49.221602,31.764053
42290,,49.046937,32.07494
42291,,49.011629,32.172766
42310,,48.974261,32.250816
42320,,48.844313,32.411886
42330,,49.038072,31.798361
42340,,48.915308,31.699336
42350,,48.794851,31.678415
42360,,48.633618,31.647171
42370,,48.470638,31.550907
42380,,48.353194,31.479798
42390,,46.448204,28.961451
42400,,49.229525,31.87691
42410,,49.308478,31.950905
42420,,49.430728,32.05398
42430,,49.656139,32.078798
42440,,46.827645,30.759303
42450,,46.363051,30.621516
42460,,46.827645,30.759303
42470,,49.767174,32.158074
42472,,49.866905,32.231619
42480,,49.959043,32.304918
42484,,48.776913,30.050587
42500,,49.067789,33.42824
42520,,49.107758,33.430947
42530,,49.036758,33.43364
42535,,48.974449,33.31761
42550,,49.126443,33.620192
42553,,48.516614,34.588653
42560,,49.655386,32.026737
42570,,49.01544,33.565898
42590,,50.889901,32.659371
42600,,50.935788,32.947218
42602,,51.019117,32.822599
42610,,50.847079,33.139811
42620,,50.748785,33.468429
42630,,50.696363,33.495576
42640,,50.655181,33.489009
42650,,50.563125,33.374666
42660,,50.469441,33.330236
42670,,50.398702,33.400365
42680,,50.36891,33.460348
42690,,50.363824,33.737648
42700,,50.384193,33.978257
42710,,50.816396,33.316996
42720,,50.197326,33.441601
42730,,49.992349,33.323415
42740,,49.784291,33.207341
42750,,49.60326,33.188016
42760,,49.399181,33.227035
42770,,49.249251,33.335249
42772,,49.196494,33.400929
42775,,49.124264,33.454305
42780,,49.141671,33.459293
42790,,49.12075,33.248975
42791,,49.177178,33.253273
42800,,49.045753,33.254879
42810,,49.170966,33.441235
42820,,49.141671,33.459293
42830,,50.121672,32.432733
42840,,50.245268,32.502049
42850,,50.472652,32.375967
42860,,50.366298,32.404352
42870,,50.874606,31.988697
42880,,50.706566,32.190857
42900,,50.598029,32.343296
42910,,50.777629,32.369348
42920,,50.843491,32.410152
42923,,50.987569,32.566829
42950,,50.095063,32.646755
42960,,50.056343,32.809052
42970,,50.020463,32.974413
42980,,49.981524,33.039344
42990,,49.986514,33.156785
43000,,49.673502,37.645178
43010,,49.654404,37.644352
43011,,49.65362,37.556088
43040,,49.677246,37.447113
43050,,49.693634,37.176408
43060,,49.728874,36.86742
43070,,49.770715,36.742078
43080,,49.819178,36.674289
43090,,49.827488,36.562873
43094,,49.843306,36.448074
43100,,49.853522,36.351607
43120,,49.268508,37.605315
43124,,49.131405,37.528756
43130,,49.363595,37.613017
43140,,49.46746,37.679682
43170,,49.642275,37.911363
43180,,49.960333,37.910337
43190,,49.708413,37.637516
43200,,49.852865,37.730527
43210,,49.960333,37.910337
43220,,50.099173,36.134997
43230,,50.335376,36.195103
43251,,50.048346,35.953654
43260,,50.277719,35.989571
43270,,50.41748,35.858817
43280,,50.282863,36.919764
43290,,49.709731,37.608622
43300,,49.847789,37.411549
43310,,49.941769,37.44077
43320,,50.035144,37.40363
43330,,50.160352,37.345172
43340,,50.204097,37.103163
43350,,50.282863,36.919421
43360,,50.725852,35.446246
43361,,50.725852,35.446246
43370,,50.782628,35.259049
43380,,50.819996,35.136905
43400,434000,50.36971,36.851761
43410,434104,50.36971,36.851761
43420,434208,50.406273,36.894068
43430,434301,50.447102,36.357829
43440,434405,50.515709,36.402292
43450,434509,50.594084,36.607291
43460,434602,50.676178,36.629776
43470,434706,50.776858,36.657847
43482,43482,50.938098,36.621798
43500,435003,51.034383,36.725897
43510,435107,51.233762,36.697737
43530,435304,51.203088,36.283771
43540,435408,50.942106,36.622579
43550,435501,50.586621,36.578383
43560,435605,50.672075,36.239917
43570,435709,50.787305,35.904876
43580,435802,51.049307,36.175892
43590,435906,50.51796,36.67875
43600,436006,50.517983,36.678616
43611,43611,50.462677,35.846578
43620,436203,50.51234,35.828748
43630,436307,50.589573,35.928371
43640,436400,50.794124,35.767316
43650,436504,50.788705,35.814946
43660,43660,50.750843,35.540895
43661,43661,50.851541,35.885813
43670,436701,50.781624,35.689496
43680,43680,50.750843,35.540895
43720,437206,51.413944,36.743666
43723,43723,51.323403,36.779774
43734,43734,51.501123,36.654655
43740,437403,51.606269,36.505726
43750,437507,51.671082,36.348728
43760,437600,50.002528,37.988506
43780,437808,51.344082,37.075234
43790,437901,51.308855,37.307716
43800,438001,51.280211,37.577556
43810,438105,51.305082,37.651493
43820,438209,50.084505,38.058586
43824,43824,51.300546,37.741595
43830,438302,50.20042,38.123124
43834,43834,50.15386,38.103811
43840,438406,51.244317,37.790072
43850,438506,51.297495,37.782283
43860,438603,51.226212,37.903455
43870,438707,51.114616,37.898876
43880,438800,50.944376,37.813972
43890,438904,50.848021,37.824018
43900,439004,50.760911,37.867668
43911,,50.561224,37.806414
43920,439201,50.491739,37.853226
43930,439305,50.387045,37.859448
43940,439409,50.312076,37.952232
43947,,50.312076,37.952232
43950,439502,50.462677,35.846578
43960,439606,50.372879,36.265937
43970,439701,50.002528,37.988506
43980,439803,50.038244,38.129131
43990,439907,50.038244,38.129131
43996,43996,50.085304,38.078615
44000,,50.015785,36.187431
44020,,49.940509,36.232723
44023,,49.896106,36.249984
44030,,49.960967,36.244917
44032,,49.978203,36.244543
44040,,49.989486,36.203721
44050,,49.973904,36.275752
44060,,49.96292,36.390516
44070,,49.902814,36.431353
44080,,49.955127,36.160135
44090,,49.966652,36.16331
44100,,49.97607,36.079223
44110,,49.823123,36.047625
44120,,50.335389,36.194939
44130,,49.467682,34.835032
44140,,49.448265,35.074603
44150,,49.353048,35.269793
44160,,49.360134,35.448244
44170,,49.487318,35.596825
44180,,49.592296,35.716211
44190,,49.675989,35.853291
44200,,49.706807,35.878204
44210,,49.776378,35.960468
44230,,49.35707,35.600296
44240,,49.28538,35.768328
44250,,49.148569,35.871719
44260,,48.973938,36.018951
44270,,49.952504,36.205503
44280,,48.891705,36.316834
44283,,48.859888,36.450558
44284,,48.861813,36.25023
44290,,48.939859,36.280895
44300,,49.031914,36.329286
44310,,49.139885,36.321196
44320,,49.263466,36.306673
44330,,49.381178,36.208253
44340,,49.590216,36.169901
44360,,49.215512,37.302199
44363,,49.13088,37.394808
44370,,49.376659,37.203907
44380,,49.392145,37.038113
44390,,49.435611,36.913483
44410,,49.543831,36.640083
44420,,49.637301,36.481118
44430,,49.706462,36.372204
44450,,50.417711,35.858869
44460,,49.994042,36.00294
44470,,51.141122,34.271902
44480,,51.092273,34.305567
44490,,51.021242,34.377634
44491,,51.001587,34.46404
44500,,54.731252,35.971993
44510,,50.974337,34.573506
44520,,50.942457,34.670083
44530,,50.927241,34.808064
44540,,50.899707,34.851399
44550,,50.793282,34.859919
44560,,50.862683,34.885823
44564,,50.72604,34.86532
44580,,50.650807,34.877693
44590,,50.568983,34.491656
44600,,50.479871,34.969882
44610,,50.345255,35.131304
44620,,50.317143,34.917717
44630,,50.230077,35.30891
44640,,50.177469,35.376701
44650,,50.155834,35.492324
44660,,50.140357,35.366614
44670,,50.088847,35.701032
44680,,50.007375,35.766067
44700,,49.170001,33.754533
44710,,49.236511,33.899189
44720,,49.230355,34.104157
44730,,49.25939,34.268757
44740,,49.328664,34.406221
44750,,49.396753,34.520624
44760,,49.607929,34.350018
44770,,49.946353,33.470162
44780,,49.948881,33.625785
44790,,49.912805,33.822843
44800,,49.815712,33.882206
44810,,49.728271,33.983872
44820,,49.637432,34.141541
44830,,49.624997,34.275089
44840,,49.593193,34.443282
44850,,49.603224,34.525209
44860,,49.625877,34.651475
44870,,49.582034,34.595331
44871,,49.565059,34.601962
44880,,49.659133,34.790779
44890,,49.744065,34.971046
44900,,49.819097,35.152852
44910,,49.85464,35.218076
44920,,49.926367,35.36713
44930,,49.917586,35.55468
44940,,49.952459,35.850491
44950,,49.925129,35.756912
44960,,49.941158,35.928851
44990,,49.96935,36.302881
45000,,48.480827,35.116509
45002,,48.437654,35.064145
45030,,48.420759,34.991282
45040,,48.439201,34.962474
45050,,48.477896,35.014217
45060,,48.497212,35.065531
45070,,48.480819,35.116502
45090,,48.480819,35.116502
45110,,48.477889,35.014217
45120,,48.476075,34.999212
45130,,48.478615,34.983292
45140,,48.462849,34.912194
45150,,48.44033,34.800276
45160,,48.480304,34.718199
45190,,48.539702,35.120617
45200,,48.643841,35.233803
45206,,48.725791,35.249414
45220,,48.809799,35.271302
45230,,48.879283,35.273097
45240,,49.026212,35.296554
45250,,49.102571,35.174612
45260,,49.213591,35.227921
45280,,48.616931,35.403466
45290,,48.591672,35.567667
45310,,48.472228,35.189028
45320,,48.416519,35.110442
45340,,48.406926,35.280282
45350,,48.333068,35.513418
45360,,48.31498,35.527236
45361,,48.324385,35.604566
45363,,48.335259,35.531782
45380,,48.306467,35.623013
45400,,48.201651,35.807467
45410,,48.20636,36.059906
45420,,48.126995,36.234234
45440,,48.425329,35.682073
45450,,48.549986,35.855384
45460,,48.62862,35.88759
45470,,48.704682,35.985763
45480,,48.769665,36.226058
45500,,48.49427,35.960596
45510,,48.443146,36.028489
45520,,48.378939,36.348808
45530,,48.431223,36.487927
45570,,48.593639,34.840228
45580,,48.53005,34.570907
45581,,48.540545,34.537137
45582,,47.85169,33.241679
45590,,48.525912,34.599649
45591,,48.524521,34.57435
45600,,48.481072,34.647491
45620,,48.59623,34.431207
45630,,48.552743,34.374861
45640,,48.483002,34.23775
45650,,48.463795,34.016864
45660,,48.438383,33.911972
45680,,48.414597,33.703742
45682,,48.425661,33.648842
45683,,48.400219,33.635204
45700,,48.34613,33.624411
45702,,48.382963,33.615056
45710,,48.295125,33.62694
45720,,48.22947,33.534423
45730,,48.179016,33.535143
45740,,48.095804,33.390986
45750,,47.938448,33.303684
45760,,47.915133,33.402592
45770,,47.959772,33.402949
45780,,47.996057,33.428195
45790,,48.044169,33.478044
45800,,48.066068,33.585578
45820,,48.016102,33.600889
45822,,48.070571,33.6689
45830,,48.103686,33.753908
45840,,48.198177,33.961768
45850,,48.272306,34.048843
45860,,48.351872,34.114141
45880,,47.782663,33.861801
45890,,47.871796,34.033348
45900,,47.973394,34.171397
45910,,48.082737,34.379461
45920,,48.181574,34.56784
45930,,48.22673,34.756789
45940,,48.331911,34.909581
45990,,48.407931,34.994255
46000,,47.87831,35.22773
46040,,47.795038,35.18798
46060,,47.822106,35.184853
46063,,47.818098,35.071991
46070,,47.795038,35.18798
46080,,47.795929,35.109401
46120,,47.795929,35.109401
46210,,47.72234,35.194555
46280,,47.329986,36.335698
46310,,47.648145,36.165777
46320,,47.828074,36.125852
46330,,47.983835,36.201485
46350,,47.819686,35.220051
46360,,47.808617,35.285655
46370,,47.809399,35.355673
46380,,47.807585,35.467166
46390,,47.724067,35.534638
46400,,47.669232,35.659132
46410,,47.559876,35.786227
46420,,47.526462,35.916406
46450,,47.85611,35.258352
46460,,47.909516,35.357761
46470,,47.942952,35.439619
46480,,48.024588,35.485162
46490,,48.125099,35.51005
46510,,47.832121,35.07707
46520,,47.809768,35.026195
46530,,47.841599,34.949747
46540,,47.804842,35.05003
46570,,47.769613,34.733081
46580,,47.654606,34.622274
46600,,47.586073,34.391046
46610,,47.60767,34.26848
46620,,47.618929,34.131923
46630,,47.605802,33.996053
46640,,47.632207,33.927818
46660,,47.658482,33.694101
46664,,47.526165,33.573866
46670,,47.530525,33.568372
46680,,47.824628,33.509581
46690,,47.873044,33.483909
46692,,47.916066,33.48591
46700,,47.912533,33.451197
46710,,47.96454,33.526493
46720,,47.881189,33.384088
46730,,47.879181,33.309527
46732,,47.862463,33.273397
46733,,47.875381,33.241292
46740,,47.88301,33.392124
46760,,47.886389,33.20489
46761,,47.899993,33.267818
46770,,47.678976,33.142701
46790,,47.929901,33.067901
46800,,47.980997,32.865813
47170,471705,45.030574,35.384313
47840,478403,44.607171,33.597627
47970,479707,45.359299,36.483534
47980,479800,45.359299,36.483534
48160,,48.117411,36.37291
48170,,48.176627,36.473253
48180,,48.248746,36.727224
49250,,48.881546,37.150408
49260,,48.895137,37.023079
49270,,48.853803,36.805089
49360,,48.812229,36.696421
49370,,48.855796,36.551644
49542,,48.60207,38.55181
49940,,48.864965,38.272872
50513,,48.330545,39.432527
50532,,48.383975,39.312202
50582,,48.415419,39.1275
51000,510007,47.149491,39.756065
51006,51006,47.228854,39.787669
51010,510100,47.244413,39.746618
51012,51012,47.246347,39.790228
51015,51015,47.243769,39.673293
51020,510204,47.21859,39.690587
51023,51023,47.250504,39.659888
51030,510308,47.098625,39.41723
51040,510401,47.249161,39.611413
51050,510505,47.236407,39.531786
51060,510609,47.190526,39.635752
51070,510702,47.204865,39.705654
51080,510806,47.098625,39.41723
51090,510907,47.693759,38.672639
51100,511002,47.693759,38.672639
51110,511103,47.564231,38.860204
51120,511207,47.40534,38.920191
51130,51130,47.204865,39.705654
51135,51135,47.276098,39.258891
51140,511404,47.262952,38.88348
51141,51141,47.262576,38.917894
51150,511508,47.262486,38.916944
51160,511601,47.262486,38.916944
51170,511705,47.234055,38.899698
51181,51181,47.848346,39.784729
51190,511902,47.848346,39.784729
51200,512002,48.021386,40.113772
51210,512106,47.881827,40.092546
51220,512208,47.755033,39.92924
51230,512303,47.807932,39.888213
51240,512407,47.82558,40.008942
51251,51251,47.904177,40.310081
51260,512604,47.642912,40.82198
51270,512708,47.815068,40.195698
51272,51272,47.842395,40.219473
51280,512801,47.728256,40.197408
51291,51291,47.465135,40.070042
51310,513109,47.665212,40.193631
51320,513202,47.524705,40.104471
51330,513306,47.482597,40.069023
51340,513403,47.440338,40.095974
51350,513503,47.414201,40.125723
51360,513607,47.229433,39.82696
51370,513700,47.229433,39.82696
51380,513804,47.229433,39.82696
51390,513908,47.64275,40.82198
51400,514008,47.405019,40.116795
51410,514101,47.045694,39.695124
51420,514205,46.942545,39.678743
51430,514309,46.736569,39.559892
51440,514402,46.554207,39.608651
51451,51451,46.47472,39.582161
51460,514609,46.394157,39.60392
51470,514703,46.283978,39.806614
51480,514807,46.124522,39.836934
51490,514900,46.128465,39.782755
51503,51503,45.995009,39.952438
51510,515104,45.912553,40.030377
51520,515208,46.71625,38.28246
51530,515301,47.204897,39.705725
51538,51538,46.929508,39.467499
51540,515405,46.716486,38.28246
51550,515509,46.651525,38.407887
51560,515602,46.618858,38.660112
51561,51561,46.57357,38.850214
51570,515706,46.509699,39.052209
51577,51577,46.430321,39.015791
51580,515804,46.327799,38.937108
51590,515903,46.15311,38.957688
51600,516003,46.086495,38.940665
51601,51601,45.994351,38.976759
51610,516107,45.801256,38.988005
51611,51611,45.730691,38.979047
51620,516200,45.629736,38.944028
51630,516304,46.039801,38.170324
51640,516408,45.927922,38.526188
51650,516501,45.849161,38.617936
51670,516709,45.755145,38.766392
51680,516802,46.31156,39.356064
51691,51691,46.168983,39.642071
51700,517006,46.716486,38.28246
51710,517105,46.978919,40.03586
51720,517203,55.855331,37.153403
51730,517307,46.843613,40.303663
51740,517400,46.790675,40.471957
51750,517504,46.576122,40.664559
51760,517608,46.539614,41.02798
51770,517701,46.513973,41.340007
51780,517805,45.872631,40.377198
51790,517909,45.933403,40.567496
51800,518009,45.95847,40.681061
51810,518102,46.093545,40.833927
51820,518206,46.170307,41.073378
51830,518300,46.22737,41.291291
51840,518403,46.47013,41.545217
51850,518507,47.642982,40.82095
51860,518600,45.311345,41.509385
51870,518704,47.099089,39.417139
51882,51882,46.537534,41.607956
51890,518901,46.696107,41.705118
51900,519001,46.873098,42.042633
51910,519105,47.007723,42.200274
51920,519209,47.148267,42.465495
51930,519302,47.414463,42.755274
51942,51942,47.494,42.987974
51957,51957,47.257371,42.166571
51960,519603,47.40892,42.252276
51970,519707,47.518203,42.160869
51980,519800,47.603953,42.118297
51990,519904,47.659464,42.04902
52000,520009,45.435401,40.571062
52010,520102,45.847802,40.118707
52030,520308,45.686056,40.29176
52034,52034,45.778778,40.200922
52040,520403,45.534829,40.404802
52050,520507,45.447956,38.994251
52060,520600,45.338136,39.039192
52070,520704,45.247396,39.009566
52080,520808,45.054367,38.987768
52090,520901,44.735996,37.772666
52100,521001,44.730979,37.808629
52110,521105,44.753303,37.865636
52120,521209,44.736029,37.772348
52130,521302,44.786381,37.704361
52140,521406,44.840083,37.662819
52150,521503,44.870382,37.860239
52160,521603,44.91156,38.002231
52170,521707,44.753303,37.865636
52180,521800,44.983173,38.041974
52181,52181,45.046205,38.068706
52190,521904,44.828015,39.206608
52202,52202,45.126101,38.09746
52210,522108,45.231549,38.143741
52220,522201,45.345137,38.217256
52230,522305,45.366474,38.466847
52240,522409,45.465487,38.707515
52253,52253,45.027306,37.90752
52260,522606,45.105856,37.675887
52270,522709,45.120365,37.439632
52280,522803,44.943096,37.328795
52293,52293,45.187829,37.289409
52300,523007,45.286053,37.354239
52320,523204,45.205948,37.024099
52330,523308,45.281169,36.996754
52342,52342,45.368842,36.963678
52350,523505,44.881116,38.144147
52360,523609,44.869362,38.337177
52370,523702,44.868283,38.46868
52380,523806,44.860962,38.553157
52390,523904,44.871018,38.693556
52400,524000,44.890719,38.835686
52410,524103,44.908965,38.909139
52414,52414,44.711499,39.205336
52420,524207,44.65103,39.13286
52430,524300,44.922138,38.898496
52440,524404,45.018087,38.988535
52450,524508,45.138087,39.184073
52460,524601,45.195521,39.22994
52470,524705,45.291398,39.30864
52481,52481,45.382607,39.413188
52490,524902,45.461441,39.474148
52500,525002,45.58146,39.653397
52510,525106,45.701108,39.861089
52521,52521,45.747473,39.942028
52531,52531,45.81144,39.992799
52540,525407,45.040462,39.037819
52550,525500,45.044717,39.123373
52560,525604,45.060835,39.21504
52570,525708,45.113508,39.378172
52572,52572,45.213072,39.56044
52580,525801,45.224849,39.694437
52590,525905,45.312267,39.921312
52600,526005,45.368816,40.177367
52610,526109,45.425795,40.433611
52620,526202,45.455708,40.681762
52630,526306,45.45842,40.838114
52640,526400,45.44757,41.038586
52650,526503,45.487973,41.208532
52660,526607,45.441221,41.530216
52670,526700,45.362005,41.704484
52680,526804,45.269747,41.845953
52690,526908,45.132481,41.973262
52700,527008,45.055334,42.000845
52710,527101,45.102935,42.214422
52720,527205,45.209582,42.418415
52730,527309,45.223595,42.665529
52740,527402,45.344744,42.825814
52752,52752,45.210587,43.043397
52760,527606,45.127283,43.261031
52770,527703,45.115226,43.423362
52780,527807,45.286053,37.353895
52790,527900,45.34015,36.673984
52800,528000,45.34015,36.673984
52801,52801,45.638487,42.875795
52810,528104,45.34015,36.673984
52820,528208,45.34015,36.673984
52830,528301,45.707021,42.917669
52850,528509,45.897702,43.339272
52860,528602,45.349406,36.690879
52863,52863,46.075824,43.776214
52870,528706,46.32922,44.278969
52950,529501,45.397002,40.652966
52960,529605,45.360108,40.698704
52970,529709,45.244927,40.836184
52980,529802,45.123456,40.976948
52982,52982,45.02907,41.08577
53000,530000,44.214319,43.138545
53020,530208,44.998302,41.123094
53030,530301,45.000473,41.08056
53040,530405,44.843078,41.328692
53050,530509,44.749879,41.603899
53060,530602,44.678158,41.824059
53070,530706,44.625467,41.916332
53080,530809,44.441928,41.913192
53090,530903,44.376777,41.958907
53100,531003,44.238639,42.068419
53110,531107,44.14461,42.021579
53120,531200,44.094912,41.982089
53130,531304,44.630788,41.96268
53140,531408,44.454786,42.500897
53150,531501,44.407011,42.731967
53160,531605,44.311439,42.918763
53182,53182,44.13019,44.13019
53191,53191,44.121273,43.077218
53194,53194,44.082058,43.080576
53195,53195,44.100915,43.082337
53200,532006,44.06244,43.062052
53210,532100,44.037445,44.037445
53220,532203,44.050084,42.996426
53230,532307,42.854916,42.854916
53240,532400,43.960871,42.76916
53250,532504,43.904164,42.718589
53260,532608,43.397636,39.999301
53270,532701,43.397636,39.999301
53280,532805,43.446501,39.905114
53283,53283,43.511606,39.864437
53290,532909,43.59188,39.72838
53304,53304,43.699242,39.586404
53310,533102,44.109061,39.095193
53320,533206,43.914988,39.320715
53330,533305,44.030908,39.144735
53335,53335,46.605399,73.566712
53340,533403,44.109061,39.094506
53350,533507,44.109061,39.094506
53360,533600,44.109061,39.094506
53373,53373,44.142736,39.176248
53380,533808,44.191258,39.242977
53392,53392,44.321724,39.337819
53400,534001,44.369315,39.339872
53401,53401,44.439578,39.480917
53410,534105,44.485033,39.488154
53420,534209,44.612037,39.62413
53433,53433,44.678252,39.682161
53442,53442,44.574762,39.70232
53450,534500,44.47403,39.725288
53460,534603,44.754423,39.899318
53461,53461,44.804568,39.956206
53470,534707,44.687531,39.986423
53480,534800,44.596136,40.132264
53490,534904,44.505297,40.150169
53500,535004,44.386324,40.187721
53510,535108,44.317925,40.195316
53520,535201,44.843713,40.095193
53530,535305,44.903853,40.359981
53540,535409,44.894731,40.489936
53550,535502,44.909497,40.588755
53563,53563,44.76796,40.675098
53570,535706,44.639381,40.739902
53580,535803,44.412416,40.780309
53590,535907,44.214505,40.851112
53600,536007,44.950482,40.838085
53620,536204,44.205814,43.358953
53630,536308,44.168616,43.476183
53633,53633,44.111843,43.42358
53650,536505,44.23336,43.661212
53660,536609,44.280734,43.72507
53670,536702,44.413272,43.850075
53680,536806,44.57021,44.012294
53690,536901,44.621725,44.022937
53700,537007,44.786262,44.145504
53710,537103,44.884496,44.024901
53720,537207,44.024781,43.579035
53730,537300,43.956158,43.644734
53742,53742,43.84267,43.837889
53750,537508,43.7932,43.955648
53760,537601,43.748951,44.055212
53770,537705,43.620888,44.066198
53780,537809,43.563234,43.858404
53790,537902,43.490849,43.618383
53800,538002,43.480678,44.131186
53810,538106,43.344347,44.206026
53820,538202,43.266713,44.293744
53830,538303,43.185336,44.271091
53840,538407,43.048773,44.21128
53850,538500,43.194857,44.54202
53854,53854,53.825835,62.085608
53860,538604,43.100494,44.635871
53870,538708,43.038022,44.687725
53880,538801,43.0631,44.678455
53881,53881,43.191713,44.653486
53913,53913,43.764072,44.342976
53920,539202,43.75328,44.557769
53940,539408,43.751823,44.759363
53950,539503,43.725267,45.12027
53960,539607,43.696054,45.244176
53970,539700,43.673701,45.358635
53980,539804,43.60211,45.57668
54000,540002,43.307465,45.686063
54010,540106,43.002279,47.467847
54020,54020,43.19027,44.720493
54042,54042,43.284544,44.84816
54050,540500,43.319836,44.897084
54060,540604,43.330551,45.036077
54061,54061,43.329674,45.155039
54072,54072,43.29727,45.31353
54080,54080,43.257047,45.528447
54090,54090,43.287204,45.62749
54105,54105,43.328522,45.664948
54110,541109,45.820692,47.001458
54115,54115,43.361196,45.618638
54122,54122,43.392351,45.503124
54123,54123,43.386415,45.523788
54130,541306,43.30796,45.770552
54140,541405,43.302091,45.881146
54150,541503,45.820692,47.001458
54160,541607,46.259145,47.413558
54170,541700,45.933229,47.048893
54172,54172,45.687271,46.95004
54180,541804,45.443714,46.850477
54181,54181,40.09154166,68.03940833
54190,541908,44.950128,46.662552
54200,542008,44.386145,46.594875
54210,542101,43.965631,46.696841
54220,542205,43.849393,46.70085
54232,54232,43.75106,46.475261
54240,542402,43.513552,46.318087
54243,54243,46.300533,47.594218
54250,542506,43.492853,45.879469
54251,54251,43.446094,45.975256
54254,54254,43.350616,46.076752
54260,542600,43.348737,46.107651
54270,542703,43.262709,46.586794
54280,542807,43.205977,46.866602
54293,54293,43.129896,47.140517
54300,543000,43.053808,47.331922
54310,543104,42.824649,47.126201
54320,543208,43.571822,46.913431
54330,543301,42.98867,47.504582
54340,543405,42.98867,47.504582
54350,543509,42.898074,47.551731
54360,543602,42.988216,47.504582
54370,543706,42.726996,47.681681
54383,54383,42.658484,47.721966
54390,543903,42.546759,47.885181
54400,544003,42.469557,47.941417
54414,54414,42.388067,47.987744
54421,54421,42.222762,48.0708
54430,544304,42.165608,48.113573
54440,544408,42.122497,48.204754
54450,544501,42.055497,48.307065
54461,54461,41.965813,48.336429
54470,544709,41.878005,48.392063
54480,544802,41.825126,48.480661
54490,544906,41.825126,48.480661
54500,,41.780517,48.55724
54510,,41.584143,48.707615
54520,,41.485084,48.762547
54530,,41.385872,48.87241
54540,,41.303078,48.905369
54550,,41.261642,48.949314
54560,,41.211883,49.015232
54570,,41.170388,49.070164
54580,,41.137174,49.125096
54590,,40.979171,49.223973
54600,,40.84582,49.333836
54610,,40.779043,49.41074
54620,,40.720558,49.443699
54630,,40.645286,49.498631
54640,,40.519643,49.61948
54645,,40.519643,49.61948
54850,,39.94708,49.388768
54870,,39.94708,49.388768
55450,,38.520299,48.87241
55970,,41.262017,45.197229
56773,,44.983173,38.041974
58000,580003,48.15691,40.194204
58021,58021,48.213647,39.999469
58030,580300,48.116712,40.067598
58031,58031,48.098662,40.05392
58033,58033,48.046278,40.089759
58040,580404,48.050114,39.940795
58050,580508,49.378028,40.146187
58053,58053,50.245107,38.220397
58102,58102,50.304498,38.25564
58110,581106,50.443307,38.299012
58120,581209,50.528185,38.420572
58130,581303,50.560749,38.534243
58140,581407,50.618163,38.671948
58152,58152,50.64437,38.833381
58164,58164,50.709967,38.898678
58170,581708,50.850387,39.103124
58180,581801,50.945465,39.249816
58190,581905,50.98904,39.367576
58200,582005,50.979983,39.510528
58210,58210,50.979983,39.510528
58230,582306,50.621727,40.406568
58240,582404,51.038338,39.559474
58250,582503,51.051791,39.762249
58260,582607,51.063311,39.984234
58270,582700,51.115149,40.040344
58280,582804,51.117755,40.304058
58290,582908,51.121565,40.725624
58303,58303,50.953841,40.763824
58310,583101,50.818452,40.645208
58320,583205,50.424356,40.169727
58330,583309,50.651303,40.859684
58343,58343,50.596565,40.890108
58350,583506,50.421777,40.98098
58360,583600,51.184262,41.01127
58370,583703,51.164421,41.159701
58380,583807,51.157954,41.216081
58390,583900,51.140586,41.468603
58400,584000,51.080509,41.566682
58410,584104,51.163926,42.069127
58420,584208,51.115448,41.866729
58433,58433,51.163865,42.068955
58440,584405,51.199548,42.246428
58460,58460,51.138992,42.277745
58470,584706,50.881831,39.391727
58480,584805,50.709897,39.433562
58496,58496,50.603774,39.613726
58500,585003,50.401914,39.640838
58510,585107,50.184239,39.602234
58560,585605,50.282465,39.298458
58573,58573,50.053614,39.662855
58580,585802,49.969346,39.696202
58590,585906,49.770581,39.816936
58600,586006,49.699776,39.861896
58612,58612,49.473208,40.028282
58620,586203,49.378624,40.144768
58635,58635,49.212331,40.243583
58640,586400,49.058949,40.363834
58650,586504,48.922104,40.392714
58660,586608,48.639524,39.67481
58690,586909,48.726923,40.357091
58700,587009,48.524304,40.322766
58710,587102,48.429667,40.289418
58720,587206,48.329826,40.257899
58730,587301,48.185603,40.48876
58740,587403,48.177448,40.564252
58751,58751,48.160358,40.653046
58760,587600,48.160497,40.654608
58770,587704,48.173625,40.788482
58780,587808,48.194065,40.979335
58790,587901,48.172159,41.129726
58800,588001,48.199755,41.154703
58810,588105,48.190288,41.286606
58820,588209,48.305675,41.589508
58830,588302,48.351445,41.838379
58850,588507,47.94431,41.995584
58864,58864,48.087035,41.855355
58875,58875,48.329497,41.871246
58880,588800,48.047976,40.125922
58890,588904,48.04591,40.193159
58900,589004,48.053909,40.368254
58910,589108,48.030066,40.627279
58921,58921,47.986365,40.885212
58950,589502,48.049884,39.940795
59000,590001,51.728042,39.266665
59020,590209,51.736827,39.348788
59030,590302,51.764065,39.523395
59040,590406,51.881107,39.591755
59063,59063,51.906156,39.454927
59070,590707,51.907689,39.371468
59080,590800,51.840537,39.918294
59090,590904,51.740486,40.135191
59100,591004,51.646829,40.128811
59113,59113,51.585811,40.190671
59120,591201,51.482861,40.420566
59160,591606,52.06953,39.718422
59170,591700,52.286721,39.780351
59182,59182,52.409907,39.843381
59190,591907,52.495046,39.945729
59191,59191,52.478077,39.920825
59201,59201,52.475801,39.897289
59210,592100,52.54498,39.748774
59220,592204,52.522714,39.634665
59230,592308,52.584134,39.69548
59240,592401,52.632396,39.665565
59250,592505,52.624274,39.567912
59260,592609,52.628583,39.372847
59272,59272,52.648138,39.230996
59280,592806,52.65411,39.059217
59290,592905,52.633522,38.91516
59292,59292,52.609714,38.700541
59300,593000,52.606287,38.528695
59301,59301,52.606287,38.528695
59330,593300,52.638531,38.421786
59340,593404,52.753705,38.312831
59350,593508,52.948969,38.238994
59360,593601,53.060674,38.196053
59373,59373,53.489134,38.203543
59382,59382,53.458804,38.428271
59390,593902,53.437137,38.567697
59400,594002,53.344356,38.964794
59411,59411,53.285587,39.086462
59420,594206,53.257672,39.151826
59430,594303,53.208666,39.447251
59450,594500,53.013776,39.163933
59460,594604,52.922389,39.090787
59470,594708,52.87866,38.99212
59480,594801,52.861157,38.771878
59494,59494,52.711497,38.720001
59510,595109,51.428597,37.927046
59520,595202,51.528456,38.031182
59532,59532,51.672761,38.129844
59540,595401,51.782892,38.124348
59550,595503,51.822294,38.095328
59564,59564,51.828907,38.120737
59580,595804,51.726494,38.182225
59590,595908,51.686476,38.331264
59600,596008,51.64812,38.584994
59603,59603,51.651591,38.796281
59610,596101,51.589058,38.763031
59620,596205,51.658181,38.891222
59630,596309,51.685627,39.05967
59640,596402,51.671727,39.175682
59650,596506,51.680737,39.205795
59660,596607,51.979385,38.118013
59670,596703,52.147263,38.285291
59680,596807,52.32489,38.36367
59693,59693,52.458954,38.598813
59700,597000,52.544497,38.683213
59710,597104,51.640571,39.258368
59720,597208,51.561444,39.246406
59730,597301,51.351279,39.298689
59740,597405,51.311159,39.223258
59750,597509,51.156194,39.421713
59760,597602,51.058466,39.486375
59770,597706,52.486483,39.949952
59772,59772,52.410894,40.105255
59781,59781,52.327597,40.22909
59790,597903,52.327533,40.229319
59800,598003,52.163795,40.466079
59802,59802,52.107393,40.6535
59810,598107,52.089778,40.79019
59812,59812,52.062345,40.964727
59830,598304,51.848364,40.81052
59840,598408,51.9953,41.170111
59842,59842,51.917347,41.319285
59850,598501,51.83849,41.468515
59861,59861,51.757598,41.51949
59870,598709,51.684601,41.581532
59880,598802,51.583189,41.789547
59890,598906,51.448909,41.92864
59900,599006,51.356558,42.090683
60000,600006,52.960491,40.481451
60004,60004,52.921641,40.479735
60010,600102,52.900536,40.449179
60020,600203,52.826782,40.408404
60030,600307,52.632639,40.251225
60043,60043,52.57517,40.129167
60090,600909,52.896896,40.497724
60103,60103,52.914632,40.521037
60110,601102,52.887381,40.779012
60120,601206,52.830758,41.01009
60130,601308,52.818224,41.168632
60140,601403,52.718284,41.426608
60150,601507,52.636954,41.437582
60160,601600,52.430054,41.516039
60170,601704,52.378186,41.674248
60180,60180,52.237999,41.951573
60190,601901,52.136693,42.019337
60200,602001,51.965071,42.256022
60210,602105,52.610262,41.52298
60212,60212,52.594475,41.507333
60220,602209,52.68778,41.46605
60230,602302,52.705416,41.596182
60240,602406,52.717367,41.954588
60250,602503,52.64819,42.384152
60270,602707,52.318866,42.479288
60280,602800,52.642688,42.729191
60291,60291,52.633802,42.821664
60300,603004,53.71184,39.306071
60310,603108,53.622192,39.370582
60320,603201,53.574911,39.441729
60333,60333,53.415158,39.71689
60340,603409,53.252382,39.954877
60343,60343,53.230413,39.699201
60380,603803,53.254772,40.28852
60390,603907,53.074892,40.382579
60400,604007,53.47864,40.211577
60420,604204,53.309239,40.685497
60429,60429,53.284981,41.061372
60440,604401,53.234795,41.361593
60500,605000,51.24005,42.474477
60510,605103,51.344682,42.685553
60520,605207,51.421491,42.914852
60530,605300,51.536304,43.162712
60540,605404,51.544868,43.128037
60560,605601,51.880777,43.359149
60566,60566,51.972261,43.273853
60580,605809,51.936533,43.501985
60583,60583,52.043829,43.564891
60600,606002,52.103347,43.664325
60610,606106,51.847023,42.481382
60620,606205,51.746596,42.742877
60630,606303,51.553653,43.069599
60642,60642,51.529174,43.217301
60652,60652,51.439722,43.354324
60660,606604,51.322316,43.423325
60670,606708,51.160345,43.698188
60680,606801,50.958716,43.789187
60690,606905,50.898044,43.978895
60700,607005,50.858462,44.187757
60710,607109,52.564499,42.964391
60720,607202,52.541694,43.246513
60723,60723,52.503329,43.379746
60740,607400,52.418072,43.527627
60750,607503,52.456875,43.705255
60760,607607,52.261133,43.785955
60770,607700,52.248017,43.82681
60772,60772,52.210019,43.883393
60780,607804,52.466353,44.190529
60790,607908,52.48585,44.278763
60800,608008,52.559349,44.370647
60810,608101,52.700548,44.525857
60820,608205,52.821592,44.728392
60834,60834,52.907625,44.806188
60840,608402,53.046363,44.865475
60850,608506,52.115593,44.074122
60860,608606,52.055416,44.345161
60870,608703,46.067945,47.12843
60880,608807,51.877333,45.010865
60890,608900,51.989582,44.704518
60891,60891,51.661828,44.927988
60900,609000,51.550255,44.831799
60910,609104,51.498848,44.455851
60920,609208,51.87003,45.068772
60926,60926,52.081021,45.143646
60930,609301,52.295776,45.387799
60940,609405,52.261687,45.81996
60950,609509,52.209654,46.12437
60960,609602,52.329652,46.365409
60972,60972,52.349503,46.554474
60980,609801,52.313308,46.720863
60990,60990,52.172695,46.836562
61010,61010,48.787492,44.814864
61020,610205,48.763147,44.560815
61030,610309,48.784339,44.589597
61040,610402,48.807894,44.762538
61042,61042,48.834623,44.637071
61050,610506,48.854217,44.576518
61060,610603,48.779682,44.37768
61064,61064,48.672214,44.243232
61070,61070,48.763846,44.444423
61080,610807,48.765193,44.408708
61090,610900,48.786375,44.475904
61100,611000,48.681971,44.332089
61101,61101,48.695285,44.423467
61110,611104,48.694203,44.508696
61120,61120,48.694203,44.508696
61130,611301,48.808007,44.762495
61140,611405,48.691501,44.478869
61141,,48.713052,44.513104
61150,611509,48.668883,44.460442
61160,611602,48.580651,44.441035
61170,611706,48.519541,44.511201
61180,611809,48.519541,44.511201
61190,611903,48.525355,44.585927
61200,612003,48.475011,44.678192
61224,61224,48.454024,44.503597
61230,612304,48.026895,43.863603
61234,61234,48.424378,44.387199
61240,612408,48.137441,44.108452
61250,612501,47.963222,43.653078
61260,612605,48.80803,44.762366
61280,612802,47.628431,43.139632
61290,612906,50.973504,42.358733
61300,613006,50.803597,42.008482
61310,613100,50.840148,42.540739
61320,613203,50.684373,42.570856
61330,613307,50.537808,42.672235
61340,613400,50.406967,42.892524
61354,61354,50.235063,43.052166
61360,613608,50.07355,43.244564
61370,613701,49.995881,43.467689
61380,613805,49.764189,43.656525
61390,613909,49.717462,43.706968
61400,614009,49.626411,43.846882
61410,614102,49.482941,43.864472
61420,614206,49.316755,44.001533
61421,61421,49.258487,44.018384
61430,61430,49.309853,44.026938
61440,614403,46.174822,47.24845
61450,614507,46.174822,47.24845
61460,614600,49.120145,44.064665
61470,614704,48.94887,44.219997
61480,614808,48.427479,42.218062
61490,614901,48.54271,42.503913
61500,615001,48.605901,42.843514
61510,615105,48.483496,43.160584
61520,615209,48.439889,43.378179
61530,615302,48.49299,43.497213
61540,615406,48.671962,43.828034
61550,615500,48.691752,43.499974
61560,615603,48.691752,43.499974
61570,615707,45.933082,47.049115
61580,615800,48.681836,43.908773
61590,615904,48.682158,44.056079
61600,616004,48.723439,45.214889
61610,616108,48.559424,45.813489
61613,61613,49.188515,31.692848
61620,616201,48.274592,46.191177
61624,61624,48.262329,46.433391
61630,616305,48.266043,46.158604
61640,616409,46.342653,47.951943
61650,616502,46.369672,47.983707
61660,616606,46.430629,47.963816
61670,616706,46.326,48.051428
61680,616803,46.360885,48.059443
61690,616907,46.405509,48.071282
61700,617007,46.780372,48.012247
61723,61723,46.631247,48.046367
61740,617401,46.713822,48.038768
61750,61750,46.796349,48.004522
61764,61764,46.903842,47.916217
61770,617702,47.151532,47.694892
61780,617806,47.318696,47.403647
61790,617901,47.411787,47.27072
61803,61803,47.531787,47.132841
61812,61812,47.976752,46.805726
61815,61815,47.728171,46.876215
61820,618207,48.227587,46.722891
61821,61821,48.252875,46.575817
61824,61824,48.117591,46.753572
61830,618300,48.211637,46.835774
61840,618404,46.780372,48.012247
61860,618601,48.813753,46.752972
61863,61863,48.508471,46.749539
61873,61873,49.129308,46.83758
61880,618809,49.418489,46.831982
61892,61892,49.743072,46.844726
61900,619002,50.048326,46.87221
61910,619106,50.380564,46.904294
61930,619303,46.326008,48.051439
61940,619407,46.342647,47.951942
61950,619500,46.430666,47.963731
61960,619604,46.369672,47.983718
62000,620004,51.541877,45.997264
62010,620103,51.592316,45.940483
62020,620207,51.599007,45.946741
62040,620404,51.500512,45.960823
62050,620508,51.526691,45.991335
62070,620705,51.498638,45.923214
62080,620809,51.448657,45.843275
62090,620902,51.448703,45.8918
62100,621002,51.415756,45.947601
62110,621106,51.192588,45.51421
62122,62122,51.073798,45.528515
62130,621303,50.963409,45.523827
62140,62140,50.898185,45.445116
62166,62166,50.58672,45.409237
62167,62167,50.284334,45.34492
62180,621801,50.141101,45.204633
62200,622005,50.829446,44.557351
62210,622109,50.782653,44.710254
62220,622202,50.68129,44.748137
62240,622405,50.364317,44.996221
62252,62252,50.181016,45.132093
62260,622607,49.472434,44.261687
62270,622700,49.579215,44.33494
62280,622804,49.791066,44.523008
62290,622908,50.01962,44.892789
62300,623008,50.093006,45.41537
62350,623506,51.669347,45.595771
62360,623600,51.589514,45.845968
62370,623703,51.644845,46.015466
62380,623807,51.818282,46.192067
62394,62394,52.029073,46.544765
62400,624000,52.160752,46.965231
62420,624208,52.299458,47.243088
62432,62432,52.450538,47.501247
62440,624405,52.598312,47.808861
62450,624509,52.712704,48.157873
62470,624706,52.123948,47.198678
62471,62471,52.085657,47.310409
62480,624806,52.070341,47.346972
62500,625003,52.089485,47.467221
62510,625107,51.989029,47.805965
62520,625200,51.934746,47.92519
62530,625304,51.941575,48.497588
62540,625408,51.456159,45.957427
62542,62542,51.40854,46.01502
62550,625501,51.409492,46.082744
62560,625605,51.503243,46.069992
62590,625906,51.503243,46.069992
62600,626006,51.337817,46.441181
62610,626107,51.282252,46.790442
62620,626203,51.268944,46.883822
62630,626307,51.236975,46.97797
62650,626504,50.956923,46.977438
62651,62651,50.803612,47.086342
62670,626701,50.615889,47.428846
62680,626805,50.423169,48.133932
62690,626909,50.132811,48.536262
62700,627009,51.241433,47.513157
62710,627102,51.291998,47.777688
62720,627206,51.347733,48.278305
62722,62722,51.521411,48.443958
62730,627302,51.644535,48.122229
62743,62743,51.576704,48.532493
62750,627507,51.813057,48.723047
62760,62760,51.757411,48.534703
62770,627704,52.015651,48.793422
62790,627901,52.301652,49.076258
62802,62802,52.096297,49.516214
62810,628105,51.972666,49.957868
62820,628209,51.24036,48.752864
62830,628302,51.202486,49.125862
62840,628406,51.195125,49.738165
62850,628508,51.195126,49.738134
62890,628904,51.489345,45.962197
62900,629004,51.489345,45.962197
63000,630001,53.186439,45.03321
63001,63001,53.108131,44.933824
63010,630105,53.204536,45.011728
63020,630209,53.207181,45.05573
63030,630302,53.217938,45.015744
63040,630406,53.259938,44.782143
63050,630505,53.304331,45.041489
63060,630603,53.379222,45.069581
63070,630707,53.589104,45.224555
63080,630800,53.616782,45.109686
63100,631004,53.881247,44.996877
63110,631108,53.74562,40.425467
63131,63131,53.71063,40.585089
63142,63142,53.689929,40.726426
63150,631502,53.709145,40.991038
63162,63162,53.641588,41.120076
63171,63171,53.506012,41.4308
63172,63172,53.556107,41.296556
63200,632007,53.441174,41.764918
63204,63204,53.458003,41.85215
63205,63205,53.509662,41.559586
63221,63221,53.409887,42.053675
63232,63232,53.397997,42.180135
63240,632401,53.309432,42.380365
63250,632505,53.496394,42.59803
63251,63251,53.541791,42.547674
63260,632609,53.652667,42.413403
63280,632806,53.231342,42.663007
63290,632906,53.211967,43.03486
63300,633001,53.330865,43.317129
63302,63302,53.31398,43.501661
63310,633103,53.519304,43.680958
63325,63325,53.274386,43.668829
63330,633300,53.179016,44.030984
63340,633404,53.153903,44.280127
63350,633508,53.276287,44.470694
63361,63361,53.277093,44.710933
63370,633705,53.204564,45.196121
63380,633809,53.129606,45.236015
63393,63393,53.116269,45.415838
63400,634002,53.105126,45.581155
63450,634500,53.108886,45.690034
63460,634604,53.140152,45.920113
63470,634708,53.140021,46.231054
63480,634801,53.111782,46.599436
63490,634905,53.105871,46.836737
63502,63502,53.151517,47.053063
63510,635109,53.123784,47.206957
63523,63523,53.153417,47.540561
63530,635306,53.153909,47.749968
63537,63537,53.170323,48.1329
63544,63544,53.161043,48.35697
63550,635503,53.167616,48.439285
63560,635607,53.170473,48.48057
63590,635908,52.918689,48.308234
63593,63593,52.835977,48.254721
63604,63604,52.979556,48.339513
63610,636101,53.062983,48.409167
63620,636205,53.150076,48.473961
63630,636309,53.150076,48.473961
63658,63658,53.265601,49.140322
63660,636608,53.351928,49.481076
63670,636703,53.397703,49.514281
63680,636807,53.476362,49.528964
63690,636900,53.476362,49.528964
63700,637000,53.476362,49.528964
63710,637104,53.560801,49.524985
63711,63711,53.51671,49.501094
63720,637208,53.549552,49.489705
63730,637301,53.565197,49.308238
63744,63744,53.48173,49.857166
63750,637509,53.459877,50.077758
63760,637602,53.419762,50.194974
63770,637706,53.383628,50.169378
63780,637803,53.371773,50.341694
63790,637903,53.301578,50.301531
63800,638003,53.233376,50.288516
63810,638107,53.161053,48.667408
63820,638200,53.183611,48.786369
63830,638304,53.114485,48.875113
63843,63843,53.04934,49.079562
63850,638501,52.977907,49.432009
63860,63860,52.957236,49.613667
63870,638709,53.161166,48.667493
63902,63902,52.920644,49.528234
63910,639104,52.664217,49.317904
63920,639203,52.978128,49.70362
63930,639307,53.016758,49.744304
63940,639400,53.115918,49.899961
63950,639504,53.101718,49.984957
63960,639608,53.121812,50.0773
64000,640003,54.055158,44.949821
64003,64003,54.058703,45.147145
64012,64012,54.204888,42.458642
64021,64021,54.156476,42.582933
64040,640408,54.081883,42.838146
64050,640501,52.159968,43.749598
64060,640605,54.072188,43.241737
64064,64064,54.008233,43.643805
64081,64081,54.017513,43.823636
64090,640906,54.041162,43.914636
64100,641006,54.096253,44.116057
64104,64104,54.064512,44.294083
64110,641101,54.022078,44.41779
64112,64112,54.072243,44.599826
64140,641400,54.075717,45.083974
64150,641504,54.124008,45.134407
64160,641608,54.195769,45.191122
64170,641701,53.949446,45.376315
64180,641805,53.889838,45.746646
64200,642009,53.882663,46.105197
64210,642102,53.856217,46.351473
64230,642307,53.745546,46.75588
64240,642403,53.675953,46.828053
64250,642507,53.655384,47.106907
64260,642600,53.611081,47.369313
64270,642704,53.558861,47.489282
64280,642808,53.547764,47.688057
64290,642901,53.497794,47.932253
64300,643001,53.38521,48.016783
64310,643105,53.284278,48.090436
64325,64325,53.905604,46.459301
64330,643302,53.953323,46.694978
64340,643406,53.97128,46.857227
64350,643502,54.04659,47.125298
64360,643603,54.09739,47.35003
64370,643707,54.116988,47.621277
64380,643800,54.171405,47.86932
64390,643904,53.897459,48.393873
64397,64397,54.213101,48.081775
64400,644004,54.253783,48.270106
64414,64414,53.260155,48.641111
64426,64426,53.331747,48.645223
64439,64439,53.49852,48.559223
64440,644409,53.797171,48.407173
64450,644502,53.976394,48.347009
64460,644606,54.025854,48.335874
64470,644708,54.188354,48.307789
64480,644803,54.272439,48.322621
64510,645100,54.301484,48.311855
64520,645204,54.405364,48.21212
64530,645308,54.593908,48.144094
64540,645401,54.296614,48.368932
64550,645505,54.305399,48.400861
64560,645609,54.305399,48.400861
64580,645806,54.335214,48.53716
64590,645903,54.345254,48.708498
64600,646009,54.341282,48.852522
64610,646103,54.3399,49.35449
64620,646207,54.225141,49.603572
64652,64652,54.212362,49.935716
64660,646601,54.195764,50.088098
64661,64661,54.196633,50.147707
64671,64671,54.35397,50.16662
64680,646809,54.231209,50.44233
64690,646902,54.424122,50.804137
64700,647002,54.406724,51.094532
64711,64711,54.375674,51.357435
64720,647204,54.436426,51.466989
64723,64723,54.397149,51.623259
64730,647303,54.263055,51.865316
64740,647407,54.258516,52.023108
64750,647500,54.29827,52.495232
64751,64751,54.361557,52.560806
64752,64752,54.413993,52.592798
64760,647604,54.571462,52.447649
64770,647708,54.833828,52.266584
64780,647801,54.86059,52.15952
64790,647905,54.919545,52.139116
64800,648005,54.993131,52.112508
64810,648109,55.312559,52.008627
64816,64816,55.563384,52.071135
64820,648202,55.591528,51.970317
64840,648400,55.619347,52.172053
64850,648503,55.673194,52.275281
64860,648607,54.521169,52.809514
64870,648700,55.617835,51.80931
64890,648908,55.828518,52.249648
65000,650005,54.695892,55.836287
65050,650503,54.59423,53.267776
65060,650607,54.599738,53.448125
65061,65061,54.628494,53.512771
65070,650700,54.552924,53.391425
65080,650804,54.497039,53.493559
65092,65092,54.215451,58.070379
65100,651008,54.607761,53.709586
65101,65101,54.563859,53.852065
65113,65113,54.232315,57.933881
65120,651205,54.553365,54.099883
65130,651309,54.569596,54.520989
65140,651402,54.579791,54.926223
65150,651506,54.585642,55.39028
65164,65164,54.638101,55.560535
65172,65172,54.624283,55.690901
65180,651807,54.565873,55.92466
65197,65197,54.524238,56.072084
65200,652000,54.427476,56.3274
65211,65211,54.064469,57.82079
65228,65228,54.383585,56.381221
65230,652301,53.996651,56.234563
65243,65243,53.982438,56.231216
65250,652509,53.799278,56.094992
65260,652602,53.702407,56.003779
65270,652706,53.631802,55.950911
65280,652808,53.466988,55.920907
65291,65291,53.425049,55.982541
65300,653003,53.362629,55.915785
65315,65315,53.242938,55.908412
65320,653200,52.968009,55.917893
65321,65321,52.922325,55.899365
65340,653408,52.775414,55.776516
65350,653501,52.696838,55.795737
65363,65363,52.445642,55.812686
65371,65371,52.349887,56.04982
65380,653802,54.448922,56.747321
65391,65391,54.408121,57.375855
65400,654006,54.222694,57.584203
65410,654109,54.026576,57.781871
65420,654203,53.933891,57.913125
65430,654307,53.92707,58.321419
65440,654400,52.355074,56.149083
65450,654504,54.748433,55.947752
65460,654608,54.748433,55.947752
65470,654701,54.806725,56.097718
65472,65472,54.801761,56.161388
65475,65475,54.812281,56.137168
65480,654805,54.837409,56.11937
65490,654909,54.832079,56.090983
65520,655206,54.925713,56.078074
65540,655403,54.824865,56.401828
65552,65552,54.885844,56.647404
65563,65563,54.870788,56.761208
65570,655704,54.875615,56.878403
65586,65586,54.910794,56.984395
65590,655901,55.002604,57.259049
65600,656001,55.061173,57.521348
65610,656105,55.068307,57.620869
65626,65626,55.06099,57.707179
65640,656406,53.896643,53.935147
65650,656500,54.017997,54.152493
65661,65661,54.097805,54.120374
65675,65675,53.917252,54.607172
65676,65676,53.995949,54.380184
65696,65696,53.985475,54.779227
65700,657004,54.061028,54.931876
65710,657108,54.21332,55.026073
65725,65725,54.387209,55.212583
65730,657305,53.231305,50.631573
65750,657502,53.236718,50.488674
65760,657606,53.260641,50.385865
65770,657705,53.206434,50.258968
65780,657803,53.206402,50.25418
65790,657907,53.185502,50.122287
65800,658007,53.151389,50.09353
65810,658100,53.151389,50.09353
65824,65824,53.252307,50.834566
65832,65832,53.264088,51.002298
65840,658401,53.280553,51.17448
65854,65854,53.341881,51.172589
65860,658609,53.151389,50.09353
65861,65861,53.530458,51.143229
65875,65875,53.648483,51.277878
65880,658806,53.906164,51.231097
65891,65891,53.92957,51.199869
65900,659006,53.359864,51.346906
65910,659103,53.458147,51.529574
65920,659207,53.599108,51.804218
65930,659300,53.651656,52.131191
65940,659404,53.624082,52.41942
65950,659508,53.554055,52.732992
65960,659601,53.583925,52.871565
65975,65975,53.606416,53.145016
65980,659809,53.602753,53.376223
65990,659902,53.684045,53.644787
66000,660007,49.472647,57.426311
66010,,47.336914,53.702867
66020,,49.439038,57.417133
66030,,49.290644,57.044123
66032,,49.202086,56.784768
66040,,49.187236,56.584543
66050,,49.144802,56.496355
66060,,48.705877,55.883861
66070,,48.43961,55.228299
66080,,48.23372,54.882634
66083,,48.040637,54.490863
66084,,47.878059,54.078419
66090,,42.539712,70.062663
66100,,47.786414,53.79392
66110,661103,47.642977,53.338065
66120,,47.27295,52.309208
66130,,47.511328,52.963554
66140,,47.362893,52.609942
66150,,47.218783,52.184615
66160,661601,47.09678,51.932223
66170,661705,47.129759,51.956996
66180,,47.194737,51.718012
66190,,47.194752,51.718012
66200,,46.663307,48.534387
66210,,47.222496,50.995023
66220,,46.868231,50.197079
66230,662303,46.661862,49.058142
66240,,46.651842,48.636214
66250,,46.947204,53.938628
66260,,46.204922,54.474874
66270,,45.03083,55.742378
66280,662801,45.321681,55.197939
66290,,44.89105,55.98269
66300,,44.833517,54.542579
66310,,44.330533,53.532298
66320,,44.137294,52.167021
66330,663306,43.696984,51.309315
66340,,43.618476,51.231775
66350,,43.671129,51.300792
66360,,43.22069,51.81783
66370,,43.45386,52.095213
66380,,43.61716,51.230103
66390,663908,43.321447,52.853881
66400,,45.05048,55.003373
66410,,45.747322,54.837719
66420,,47.383018,53.67212
66430,,46.592539,54.217882
66440,,44.599289,54.036985
66450,,42.830108,53.207606
66460,664600,42.3278,53.673231
66470,,42.327908,53.673467
66490,,51.194994,50.052155
66500,,51.19494,50.052177
66510,,51.108016,50.296291
66520,,51.144977,50.689049
66530,,51.192509,50.851543
66540,,51.264111,51.061892
66550,,51.228942,51.36959
66560,665602,51.22902,51.369647
66580,,44.141414,52.200286
66590,,50.398258,59.553841
66600,666003,51.252372,51.485104
66610,,51.207392,51.610585
66620,,51.192832,51.872962
66630,,51.156932,52.324552
66640,,51.170151,52.996848
66650,,51.17117,54.985845
66660,,51.168243,53.52002
66670,,51.086207,54.079998
66680,,51.116282,54.611929
66690,666906,51.171194,54.985952
66700,,50.553558,56.858194
66710,,51.149307,55.100953
66720,,51.114506,55.335104
66730,,50.998247,55.617055
66750,,50.845381,56.203032
66760,,50.749504,56.514624
66770,,50.62127,56.820385
66780,667805,50.337993,57.13061
66800,,50.382682,58.601284
66810,,50.050743,57.344514
66820,,50.307136,58.369114
66830,,49.907772,57.333803
66840,,49.815861,57.339553
66850,,49.656307,57.33229
66860,,50.395836,58.230664
66880,,50.206513,58.073881
66882,,49.807945,57.99816
66900,,49.80355223,57.99055316
66910,,50.424681,60.490534
66920,,50.578309,58.303414
66930,,49.253992,57.595506
66935,,49.113215,57.824041
66940,,48.822926,58.147074
66950,,48.588324,58.464158
66960,,48.460423,58.551423
66970,,48.343091,58.819951
66980,,47.944824,59.295145
66990,,47.833327,59.623625
67000,,47.560583,60.536821
67010,670102,47.085378,61.153201
67020,,46.406325,61.880457
67030,670309,46.801152,61.6754
67040,,46.194597,61.955368
67050,670507,45.852756,62.157101
67060,,45.651563,63.31629
67070,,45.623222,63.914671
67080,,45.761149,62.795627
67090,,45.49002,64.088063
67093,,45.31666,64.345037
67095,,45.188695,64.520118
67100,,48.517358,58.540359
67130,,50.389823,57.075755
67140,,45.077355,64.68267
67150,,45.056285,64.988403
67153,,44.997521,65.278178
67170,671707,44.854881,65.495254
67180,,44.810267,65.585295
67190,,44.63432,66.047722
67200,,44.456349,66.256095
67210,,44.312264,66.477845
67220,,44.172359,66.735639
67230,672305,43.824686,67.287825
67240,,44.029176,67.017454
67250,,43.900127,67.246231
67253,,43.710083,67.41963565
67260,,43.64744184,67.52869243
67270,,43.58849656,67.64623035
67280,,43.391642,68.01474
67300,,49.96953,73.224998
67320,,50.147249,73.17469
67322,,50.040833,73.216899
67330,,50.204844,73.088189
67340,,50.395316,72.993215
67350,,50.453063,72.693716
67360,,50.560516,72.553557
67370,,49.896974,73.184623
67380,673806,49.852337,73.174479
67390,673905,49.792819,73.095127
67400,674000,49.772773,73.063
67410,674103,50.066195,73.118792
67412,,50.059904,73.076088
67420,,49.91565,72.64045
67430,,50.078844,72.927781
67440,674404,50.05185,73.041436
67450,,49.7537577189,72.6246286341
67460,,44.949813,78.099055
67470,,50.020531,73.687652
67490,,49.915728,74.123934
67500,,49.532831,75.87734
67520,,49.362961,75.755487
67530,,49.761601,73.058132
67540,,49.574913,72.892508
67550,,49.528899,72.84365
67570,,49.356372,72.89857
67580,,49.255429,72.971652
67590,,48.856215,72.83145
67592,,48.6546008,72.71126725
67595,,48.726708,72.203541
67601,,46.904871,74.455024
67610,,49.087425,72.951786
67620,,48.678472,71.642429
67622,,48.496346,71.067986
67630,,48.678467,71.642427
67640,,48.036427,70.85642
67650,,48.461431,70.21644
67670,,48.297997,69.64875
67671,,48.378977,69.991441
67680,,48.180611,69.103759
67681,,48.064021,68.538348
67700,677008,47.777364,67.691671
67720,,48.261346,72.859182
67730,,47.218649,73.36113
67750,677506,46.860569,74.934649
67760,,46.825208,75.22432
67770,,46.911515,77.362788
67780,,46.806171,75.619201
67790,,46.833528,75.930601
67800,,53.265003,66.045299
67830,,50.7342087,58.35766678
67840,,50.991804,58.434931
67890,,46.802885,50.066916
67901,,52.940086,61.378036
67910,,52.980689,61.176768
67911,,52.980592,61.17734
67950,,47.508621,72.906142
68000,,51.955622,66.402481
68020,,51.890214,66.756014
68030,,51.90064053,66.92614306
68040,,51.905555,67.324464
68050,,51.842556,67.653743
68060,,51.830564,67.923615
68070,,51.77530874,68.20792783
68080,,51.582465,66.383362
68090,,51.311882,66.374199
68100,,51.100998,66.307391
68110,,50.914921,66.459898
68120,,50.721477,66.619169
68130,,50.487999,66.770642
68140,,50.242136,66.906911
68150,,51.997447,66.250543
68160,,52.039413,66.056436
68190,,52.086366,65.841662
68200,,52.133247,65.642292
68210,,50.972387,61.680136
68220,,54.044953,61.609706
68230,,52.29216816,65.01538027
68240,,52.016953,62.39112
68250,,52.446792,64.607957
68270,,52.410563,64.081847
68280,,52.468274,63.636944
68290,,52.535694,63.196214
68300,,52.632218,62.765413
68310,683102,52.692886,62.581982
68313,,52.8306,62.804459
68320,,52.311416,62.271989
68330,,52.567218,62.578236
68340,,51.750931,62.327408
68350,,52.529446,62.092389
68360,,52.431759,61.729924
68380,,52.214377,61.285202
68400,684001,53.227433,63.606083
68410,,53.287637,64.188735
68440,,53.537295,62.978549
68460,,53.639393,62.714404
68470,,53.71750449,62.4222957
68480,,53.801908,62.199119
68490,,53.76735687,62.05416107
68500,,53.72229767,61.91938782
68510,,53.881529,61.958268
68520,,53.991887,61.696002
68530,,53.345304,64.893305
68540,,53.284917,65.575956
68550,,53.265003,66.045299
68570,,53.204138,66.767447
68580,,54.549112,66.013232
68590,,53.459687,66.619465
68600,,53.615717,66.563803
68610,,53.755587,66.520011
68620,,54.027123,66.359815
68630,,54.234395,66.227991
68640,,54.436487,66.074418
68650,,53.191488,67.039052
68660,,53.229151,67.520093
68670,,53.308304,68.130164
68680,,53.321247,68.483944
68700,687008,53.288874,69.422868
68710,,53.359236,69.490407
68720,,53.380578,69.441389
68730,,54.549113,66.01323
68740,,53.439806,69.482467
68750,,53.562744,69.528768
68760,,53.711957,69.613848
68770,,53.841166,69.744135
68780,,54.192143,69.636491
68790,,54.517121,69.43043
68794,,54.829061,69.221587
68800,,53.450515,70.138574
68810,,53.495992,70.373916
68820,,53.555423,70.724682
68830,,53.589298,71.120583
68840,,53.611669,71.47134
68850,,53.637,71.854257
68860,,53.647919,72.363255
68890,,51.022911,61.717454
68910,,48.9878776,68.81225064
68920,,43.61716,51.230103
68930,,52.535407,62.484903
68950,,50.280748,57.213793
68960,689607,50.228012070999,57.249135883647
68970,,48.535083,55.589181
68990,,51.236312,71.360166
69000,690002,51.196137,71.409419
69010,,43.185048424642,51.588508201479
69020,690200,51.143336,71.562123
69030,,50.968789,71.957923
69040,,50.856103,72.146809
69050,,50.662854,72.394392
69070,,51.379836,70.875575
69080,,51.414971,70.707297
69090,,51.489632,70.340271
69100,,51.307159,71.075854
69110,,51.631848,69.834886
69111,,51.594769,69.981585
69120,,51.739714,69.40337
69130,,51.789853,69.168115
69140,,51.797089,68.959826
69150,,51.805429,68.34745
69160,,43.183938657224,51.662402974878
69210,,46.897500963978,58.758670815637
69240,,51.447761,71.192124
69250,,51.702138,70.99775
69260,,52.014537,70.939106
69270,,52.274188,70.59421
69280,,52.635689,70.410638
69290,,52.788803,70.292419
69300,,52.921036,70.18183
69310,,53.089234,69.859075
69320,,51.260789,72.122546
69330,,51.40619,72.646162
69340,,51.624836,73.101442
69342,,52.115383,72.34925
69350,,51.754598,72.728761
69390,,52.436844,71.975778
69400,,52.782759,71.526908
69410,,53.110301,71.141776
69420,,51.582722,73.411899
69421,,51.624374,73.733645
69430,,51.8258774159,75.3195758873
69440,,51.685957,74.294413
69450,,51.705413,74.662494
69460,,51.751314,75.317138
69470,,51.71259175,75.28408505
69480,,51.8258774159,75.3195758873
69490,,51.63330889,75.43790773
69500,,51.806285,75.659908
69510,,51.77272632,75.48997879
69520,,51.684077,75.362472
69530,,51.873576,75.847042
69540,,51.95046,76.031401
69550,,52.09975,76.428464
69551,,52.178556,76.619105
69560,,51.532279,77.442674
69570,,52.115366,76.874786
69580,,52.024684,76.91449
69600,,52.251883,76.78179
69610,696102,52.300633,76.972549
69620,696206,52.201351,77.061114
69630,,52.334895,76.893578
69640,696403,52.332952,76.999607
69650,,46.37469639673,57.764453492201
69670,,52.317942,77.077712
69671,,52.346963,77.261673
69680,,42.356306,69.46581
69690,,52.424922,77.761684
69700,,40.840176,68.531593
69710,,52.665218770963,77.49625609057
69720,,52.764779,77.440257
69730,,52.486157,78.162788
69732,,52.524227,78.53878
69740,,42.170136,68.975922
69750,,52.52424,78.538791
69760,,42.613339,68.615313
69770,,42.827849,68.441686
69780,,43.285665,68.212742
69790,,41.86348,68.991133
69800,698004,42.417985,68.793848
69805,,42.390787,69.052678
69810,,42.550869,68.686266
69820,,42.088538,68.96972
69830,698305,41.466347,69.147477
69840,,42.378058,69.252059
69850,698502,42.314896,69.543239
69860,,42.298582,69.61049
69870,698704,42.272377,69.688362
69880,,42.2582031704,69.720597989
69890,,41.4143543257,69.514285895
69900,,41.4271119696,69.5370269937
69910,,42.2609824,69.6795603
69920,,42.353026,69.712868
69930,699308,42.42861,69.820988
69940,,42.472399,69.852174
69950,,42.548775,69.998549
69960,,42.497377,70.234585
69970,,42.489927,70.28438
69990,,41.720802,69.018063
70000,,43.34155,76.949281
70010,700100,43.274284,76.938987
70020,700204,43.385773,76.997977
70030,700308,43.42453,77.015743
70040,,43.482259,77.045382
70050,,43.68219,77.122752
70060,,43.755768,77.034344
70070,,43.881788,77.076331
70080,,44.076837,77.411028
70090,,44.260965,77.53131
70100,,44.273094,77.563483
70110,,44.280972,77.686976
70120,,44.357172,77.978039
70130,,44.623949,77.994303
70140,,44.89165,77.886603
70150,,45.00009,77.918004
70160,,44.949813,78.099055
70180,,45.003064,78.376852
70190,,44.864658,78.737292
70200,,45.094352,77.914248
70210,702106,45.257468,77.976019
70220,,43.695944,78.266444
70230,,45.448812,78.313785
70240,,45.445141,78.411729
70241,,45.573005,78.528998
70250,,45.897903,78.722919
70260,,46.231014,78.935099
70270,,46.825379,79.580672
70290,,40.840158,68.531583
70300,,43.875068,74.141706
70310,,43.821281,74.376383
70320,,43.743247,74.705643
70330,703306,43.540055,75.211764
70340,,43.534361,75.489939
70350,,43.524616,75.807738
70360,703607,43.596021,76.316118
70370,703700,43.379226,76.628602
70380,703804,43.361044,76.754403
70390,,43.357395,76.858989
70400,,40.760126,68.336655
70410,,41.466334,69.147492
70420,,41.568456,69.089457
70430,,43.595801,77.09188
70440,,42.943616,72.762143
70450,704506,42.943625,72.762145
70451,,43.099443,72.992429
70452,,43.223034,73.313488
70460,704600,43.601129,73.761162
70470,,43.664251,73.816165
70472,,43.716149,73.863223
70480,,44.073272,80.118514
70490,,44.22844,73.797589
70500,,45.252122,82.489786
70510,,44.655645,73.806682
70520,,44.567858,73.860208
70526,,44.935012,74.01385
70530,,45.102402,73.970046
70540,,46.038485,73.569702
70550,,46.119208,73.60541
70570,,45.447488,73.65198
70580,,43.786416,79.080765
70590,,42.6219,70.768289
70600,706003,42.677141,71.208807
70610,,42.778999,71.281451
70620,,42.830208,71.308333
70630,706304,42.869708,71.378988
70640,,43.562781,69.722511
70643,,43.296499,70.293968
70650,,43.360313,70.1884425
70660,706605,43.17688,70.472263
70670,,43.034008,71.142
70674,,43.079028,70.919912
70680,,43.415482,70.191245
70690,706906,42.982321,71.277477
70700,,42.948488,71.361685
70710,,42.919751,71.478278
70720,,42.97333,71.570912
70730,,43.003978,71.805873
70740,,42.989283,72.100487
70750,,42.988197,72.324967
70760,,44.164472,80.304411
70770,,44.152114,80.41096
70780,,44.164472,80.304411
70790,,46.97823,74.125285
70800,,46.952713,79.68213
70810,,46.328668,80.828656
70820,,46.172704,81.096591
70830,,45.591392,82.179246
70840,708403,45.251137,82.48572
70850,,45.251151,82.48573
70860,,47.288293,79.815112
70870,,47.959829,80.441973
70880,,48.461317,80.580834
70890,,48.780565,80.876747
70900,,49.211733,81.212273
70910,,49.584683,81.052881
70915,,49.689419,80.927118
70920,,49.804601,80.809458
70930,709302,50.370115,80.243967
70931,,50.380627,80.034664
70940,709406,50.432023,80.262742
70950,,50.43215,80.262774
70960,,50.606387,79.225346
70970,,50.743462,78.507375
70980,,50.591955,79.379989
70990,,49.66303,81.54189
71010,,45.251141,82.485704
71040,,45.251141,82.485714
71050,,51.112601,71.531693
71100,711001,51.288716,81.102881
71110,,51.288717,81.102879
71120,,51.050555,81.040235
71130,,51.288714,81.102879
71150,,50.763263,80.666398
71160,,51.122077,81.231868
71170,,50.982543,81.521084
71180,,50.95313,81.775637
71190,,50.86387,81.893461
71200,,49.754205,81.8993
71210,,50.622259,81.881155
71220,,50.558187,81.859719
71230,,50.488793,81.955015
71240,,50.379092,82.021791
71260,,50.266739,82.261581
71270,,50.143818,82.306647
71280,,50.130939,82.383654
71290,,50.059215,82.474296
71300,713007,50.006092,82.56357
71310,,50.022454,82.772598
71330,,50.256108,83.300003
71340,,50.257259,83.016729
71350,,50.259165,83.376606
71360,713609,50.348722,83.50717
71370,713702,49.956158,82.647983
71380,,49.923778,82.651965
71390,,49.956183,82.647992
71400,,49.68405,83.019238
71410,,49.682657,83.313927
71420,,49.62184,83.611433
71430,,49.671833,83.829047
71440,,49.621843,83.611443
71450,,49.768365,84.004912
71510,715106,42.943611944517,72.762153326914
71550,,42.88497375,73.22930038
71560,,42.841971472556,73.517878540047
71570,,42.82430622,73.67805541
71590,,42.81602002504,73.858689303967
71610,,42.817771767037,74.124197975092
71620,,42.841259180292,74.307247053212
71640,,46.8326222,75.9384018
71660,716607,42.866534002137,74.551646206855
71670,716700,42.863702,74.60569
71690,,42.867989501609,74.652527455304
71700,717008,42.886043114317,74.85047674095
71720,,42.81838226,75.30340576
71730,,43.360313,70.1884425
71740,,42.773794984037,75.678362610475
71750,,42.74606705,75.81975555
71760,,42.46516891,76.03908777
71770,,42.444908472455,76.160981773041
71780,,42.44501052,76.1611104
71800,,40.71089554,72.8801651
71810,,40.7107963883,72.8791072156
71820,,40.7107963883,72.8791072156
71830,718301,40.92088318,73.00193787
71840,,40.92087402,73.00194025
71860,,41.01794815,73.09050751
71870,,41.03089142,73.19315338
71880,,37.19852066,67.30214691
71890,,37.19852066,67.30214691
71910,,40.25763,72.119862
71920,719200,41.182745,72.175371
71930,,41.16959704,72.17243308
71940,,41.34489586,72.21761221
71950,,40.617373,72.8222537
71960,719605,40.564521,72.810335
72000,,41.378262,69.241457
72010,720104,41.40705,69.205111
72060,,41.407083,69.205111
72090,720903,41.322657,69.313693
72091,,41.290983,69.287291
72110,,41.364761,69.386787
72113,,41.337791,69.321178
72120,,41.373596,69.422896
72130,,41.415404,69.520444
72140,,41.446399,69.575431
72150,,41.47903,69.597834
72160,,41.528553,69.6502533
72170,,41.545256,69.680121
72180,,41.570865,69.734193
72200,,41.617816,69.918319
72220,722203,41.295112,69.120614
72230,722307,41.193634,69.118335
72240,,41.296997,69.307975
72250,,41.26733,69.306443
72260,,40.998984,70.082702
72270,,40.979785,70.023193
72280,,40.942926,69.898102
72282,,40.912641,69.785876
72300,723009,40.906977,69.652415
72310,,40.936971,69.513605
72320,,41.001585,69.3601
72330,,41.012934,69.235467
72340,,41.176605,69.260294
72350,723507,41.204215,69.246652
72360,,41.265342,69.250122
72370,723704,41.24928,69.20878
72380,723808,41.189955,69.140665
72382,,41.16191,69.103364
72400,,41.116818,69.060839
72420,,41.013913,68.94491
72430,,40.962106,68.858272
72440,,40.946569,68.751903
72450,,40.928746,68.683504
72460,,40.913001,68.658256
72470,,40.82970626,68.67139578
72480,,40.711009,68.698809
72490,,40.605058,68.731289
72500,,40.496079,68.764531
72510,,40.441652030581,68.781203627695
72520,,40.296244,68.825303
72530,,40.829301,68.671487
72550,,40.663029,68.187935
72560,,40.523465,68.040591
72570,,40.31384,67.967227
72580,,40.210876,68.836081
72600,,40.224584,69.071391
72610,,40.214627,69.227545
72620,,40.214591,69.227584
72650,,40.18355179,68.69727325
72660,,40.130758,68.492093
72670,,40.07480402,68.16386819
72680,,40.09156036,68.03939819
72690,,40.097987,67.842167
72720,,40.03266675,67.58750796
72730,,40.02264404,67.44612122
72740,,39.944056,67.443251
72750,,39.763784,67.266831
72760,,39.698495,67.09768
72770,727705,39.69619751,67.01338959
72780,,39.685899,66.929016
72790,,39.698248,66.837363
72800,,39.693882,66.741484
72810,,39.71572892,66.66459918
72820,,39.740618,66.399399
72840,,39.902476,66.245556
72850,,39.91607285,66.13352203
72860,,39.91613446,65.92713654
72870,,40.025628,65.661557
72880,,38.672897,66.067634
72890,,38.347183,66.435576
72900,,38.26087445,66.82973022
72910,,38.17613164,67.03507662
72920,,38.112325,67.196642
72930,,37.98820198,67.46045351
72940,,37.88675539,67.54038334
73000,,39.722351,64.548644
73010,,39.751595,64.46247
73020,,41.175865,64.240336
73030,,39.50226916,64.79150534
73040,,39.707409,64.280221
73042,,39.788749,64.623784
73050,,39.64671686,64.07130003
73060,,39.493879,63.845361
73070,,39.419003,63.801568
73071,,39.327307,63.746062
73080,,39.327575,63.7462
73090,,40.132581352337,65.22456012751
73100,,40.031424,64.851258
73110,,40.06287831,64.95232338
73120,,40.08096106,65.28483868
73130,,40.072844,65.396442
73140,731407,40.08884536,65.31990051
73150,,40.27980396,65.04204512
73160,,40.53329873,64.74200249
73170,,40.97786503,64.38547254
73180,,41.60369037,63.93626153
73190,731908,41.5681688,64.17283237
73200,,41.52939901,64.50674057
73210,,42.11749268,63.65642929
73220,,42.13374133,63.55294168
73230,,41.96852073,63.4360671
73240,,41.2719859651,64.0631392433
73260,,38.547203,65.64535
73270,,39.25511973,65.15272379
73280,,39.19170729,65.26400328
73290,,39.11281204,65.43064117
73300,,39.06388593,65.5782938
73310,733104,38.82104877,65.77712595
73320,,38.92531251,65.74504137
73330,,39.20009271,66.0490644
73340,,39.35711413,66.19624257
73350,,38.77182282,65.84727645
73360,,38.70805956,65.96141517
73370,,38.63470273,66.2573272
73380,,38.82136641,66.45763993
73390,,38.98026653,66.67321444
73400,,39.0348154,66.72379553
73410,,39.09050051,66.83737099
73420,,38.62497621,65.69691718
73430,,38.43718637,65.63125134
73440,,38.625083,65.696933
73450,,42.1642893953,60.1728498061
73460,,37.6731362495,65.2959070985
73470,,37.401545,66.730432
73480,,37.416054,66.994186
73490,,37.384291,67.097021
73500,,37.397053,67.074512
73510,,37.251386,67.286966
73520,,37.201032,67.299349
73530,,37.354214,67.149488
73540,,37.50139345,67.40448654
73550,,37.627862,67.462539
73560,,37.832243,67.590323
73570,,37.937848,67.699721
73580,,38.012703,67.787109
73590,,38.122779,67.862487
73600,,38.271983,67.906189
73610,,38.367302,68.008621
73620,,38.464014,68.135989
73630,,37.2524457,67.38981837
73640,736403,37.25245424,67.38982374
73650,,37.25487,67.370457
73660,,37.254887,67.370114
73670,,37.200889,67.299207
73680,,44.766121,56.194503
73690,,44.766104,56.194527
73700,,43.96631,57.497681
73710,,43.383527,58.0585
73720,,43.038181,58.844786
73730,,42.83106136,58.99810184
73740,,42.607207,59.19992382
73750,,42.4994168,59.32107383
73760,,42.40191,59.4396
73770,,42.355626,59.489095
73780,,42.355817,59.488923
73790,,42.058988,60.239395
73800,,42.05902,60.239384
73810,,41.693212,60.302163
73820,,41.691411,60.305811
73830,,41.53636,60.632109
73840,,41.46388,60.775445
73850,,41.371049,60.936909
73860,,41.311705,61.080494
73870,,41.215383,61.308169
73880,,41.215399,61.308127
73890,,42.337936,59.555055
73900,,42.43751,59.642844
73910,,37.920813,58.448013
73930,,42.9224472,59.81441116
73940,,37.401536,66.730475
73950,,42.36158371,59.97467041
73960,,41.558028,61.035254
73964,,42.263287,60.184829
73970,,43.142213,58.211501
73980,,41.407644,61.208334
73981,,41.512026,61.735547
73982,,41.665524,62.154764
73983,,41.763301,62.543408
73984,,41.819815,62.919396
74000,740004,40.518895,70.928329
74010,,40.369766,70.451416
74020,,40.132631,65.224485
74030,,40.44369,70.634249
74040,,40.403092,70.528896
74050,,40.689109,71.048139
74060,,39.724939,64.576766
74062,,40.830342,71.143806
74070,740702,40.857452,71.150558
74080,,40.882963,71.241186
74090,,40.939072,71.499402
74100,741007,40.980458,71.588237
74110,,40.99961,71.643867
74120,,41.066258,71.811704
74130,,41.08622742,71.96647644
74140,,41.11553,72.085395
74150,,41.115465,72.085395
74170,,41.01639938,72.10120392
74180,,40.919335,72.134136
74190,,40.90086,72.246602
74200,742003,40.814085,72.355578
74210,,40.927127,72.485803
74220,742207,40.481274,71.046171
74230,,40.458065,71.210826
74240,,40.425489,71.509398
74250,742508,40.44259,71.723127
74270,,40.43600136,71.80608625
74280,,40.388008,71.808158
74290,742902,40.302716,71.971321
74300,,40.303213,71.97084
74320,743209,40.456557,71.751571
74321,,40.50669,72.000373
74330,,40.5600311,72.0754409
74340,,40.655133,72.205756
74350,,40.70447,72.06143
74360,743604,40.762961,72.350254
74362,,40.75639343,72.44822693
74370,,40.70542054,72.27549613
74380,,40.721799,72.643926
74390,,40.71826168,72.7613461
74400,,40.71825762,72.76134074
74401,,40.760779,72.960813
74410,,40.802225,72.973098
74420,,40.760811,72.960684
74430,,39.02438354,66.71195984
74440,,40.814407,72.976145
74460,,43.34814712,58.08327377
74480,,43.811762,57.693653
74500,,38.554764924,69.0174311825
74510,,38.54788852,68.87802059
74520,745205,38.55668164,68.79977334
74530,745309,38.55882102,68.70591396
74540,,38.53365617,68.66771579
74550,,38.53365617,68.66771579
74560,745600,38.53158318,68.54241371
74570,,38.5299087532,68.335145318138
74600,,38.4679713,68.13995361
74610,,37.85204326,68.87203205
74620,,37.6346138444,68.8179156806
74630,,37.7106042746,68.8250134664
74640,,37.852726260884,68.872657566305
74650,,37.61808548,68.62462694
74660,,37.26579665,68.16452969
74670,,37.12751037,68.07759393
74680,,37.12748471,68.07757432
74690,,37.61813223,68.62466449
74700,,37.77339462,69.54683259
74710,,37.52848096,68.46749241
74720,,37.52848947,68.46749777
74730,747304,41.256546,61.206129
74740,,40.36033306,70.44121561
74750,,40.170184,69.349945
74760,747605,40.1703477,69.34984446
74770,747709,40.171086,69.505563
74780,747802,40.22515528,69.72894603
74790,,40.24368214,70.19240141
74810,,40.31713357,70.37068583
74820,,38.05207461,69.28122994
74830,,40.31710903,70.41468848
74840,,40.21248578,70.57431042
74850,748504,40.13482369,70.6233412
74860,,40.03900419,70.54187531
74870,,38.00972728,69.07645041
74880,,37.89200928,69.77578277
76000,760008,58.034745,56.131797
76010,760101,58.047108,56.020798
76020,760205,58.086371,55.868041
76030,760309,58.074419,55.76907
76040,760402,58.044285,56.204743
76050,760506,58.097055,56.304478
76060,760604,58.137287,56.378433
76070,760703,58.137287,56.378433
76080,760807,58.137287,56.378433
76090,760900,58.076867,56.344032
76100,761000,58.020174,56.252462
76110,761104,58.004373,56.18189
76120,761208,58.004373,56.18189
76130,761301,58.004373,56.18189
76140,761405,57.953226,56.234584
76150,761509,57.894846,56.298994
76160,761602,57.90379,56.179404
76170,761706,57.807925,56.377951
76184,76184,57.889968,53.412051
76190,761903,57.892611,53.714557
76202,76202,57.943233,54.041344
76203,76203,57.92395,53.860099
76225,76225,57.998277,54.386333
76230,762304,58.078654,54.65422
76240,762408,58.165836,54.992172
76254,76254,58.132694,55.52732
76256,76256,58.215136,55.305676
76262,76262,58.13809,55.686309
76270,762709,58.004526,55.49685
76280,762802,57.947584,55.455985
76290,762906,57.925737,55.357538
76300,763006,57.735684,56.378435
76310,763100,57.645732,56.500413
76360,763608,57.486297,56.714684
76370,763701,57.422061,56.996594
76380,763805,57.362354,57.245647
76393,76393,57.380318,57.419098
76401,76401,57.433697,57.626615
76411,76411,57.404071,57.763323
76420,764206,57.410848,57.917408
76430,764306,57.342865,58.216664
76431,76431,57.338971,58.369146
76440,764403,57.32845,58.52149
76451,76451,57.272656,58.636186
76460,764600,58.177948,56.40225
76475,76475,58.28348,56.611985
76480,764808,58.435996,56.689741
76482,76482,58.51376,56.776102
76490,764901,58.497793,56.43583
76500,765001,58.622609,56.947544
76507,76507,58.832936,57.182109
76511,76511,58.838987,57.366058
76530,765302,58.144865,56.449001
76540,765406,58.048338,56.602837
76550,765501,58.043912,56.73605
76563,76563,58.078524,56.962472
76570,765707,58.0974,57.121774
76603,76603,58.141581,57.409887
76604,76604,58.104683,57.283968
76610,766108,58.253898,57.607691
76620,766201,58.27345,57.741691
76630,76630,58.279535,57.772268
76641,76641,58.454678,59.271978
76642,76642,58.410442,59.389906
76647,76647,58.446674,59.144133
76650,766502,58.528919,59.068282
76660,766606,58.51445,58.879524
76670,766707,58.503191,58.778805
76682,76682,58.473976,58.657329
76692,76692,58.417429,58.496439
76700,767007,58.379907,58.319547
76710,767100,58.361514,58.062764
76712,76712,58.362693,57.971512
76730,767308,58.290337,57.840198
76750,767505,58.433023,57.750745
76760,767609,58.573743,57.757713
76780,767806,58.771834,57.538575
76790,767902,58.869279,57.558981
76800,768008,58.956991,57.608722
76811,76811,58.995548,57.652863
76820,768207,58.952139,57.538167
76831,76831,59.029512,57.665285
76840,768404,59.054326,57.650594
76853,76853,59.060243,57.559002
76860,768601,59.060243,57.559002
76871,76871,59.15331,57.673113
76880,768809,59.22717,57.447644
76890,768902,59.328106,57.264475
76900,769002,59.335727,57.017658
76901,76901,59.346744,56.935805
76940,769407,59.442074,56.748427
76960,769604,59.633422,56.7317
77000,770005,57.954392,59.956876
77010,770103,57.909762,59.994316
77020,770207,57.969101,59.948692
77030,770300,57.95421,60.111371
77050,770508,57.850257,60.036243
77052,77052,57.785537,60.055753
77070,77070,57.590592,60.119345
77080,770809,57.494715,60.198082
77083,77083,57.440607,60.208524
77085,77085,57.35388,60.180722
77090,770902,57.425955,60.098647
77100,771002,57.340437,59.944838
77110,771106,57.335699,60.167234
77120,771200,57.252331,60.127223
77130,771303,57.18002,60.108396
77133,77133,57.051086,60.205441
77140,771407,57.042142,60.239738
77150,771500,56.98438,60.375007
77161,,57.976727,60.278544
77170,771708,58.021593,60.399299
77180,771801,58.051347,60.539374
77190,771905,58.082094,60.654387
77200,77200,58.196405,60.736017
77210,772109,58.28819,60.759113
77220,772202,58.085928,60.758917
77230,772306,57.939107,61.182942
77242,77242,58.007795,60.926548
77250,772503,58.184636,59.719426
77260,772607,58.264821,59.70991
77271,77271,58.007891,60.926299
77290,772908,58.354292,59.535359
77300,773008,58.697912,59.510556
77310,773101,58.306356,59.778298
77320,773205,58.428573,59.9282
77330,773309,58.494421,59.952576
77335,77335,58.585791,59.963219
77340,773402,58.612314,59.894898
77350,773506,58.618225,59.860909
77360,773601,58.63031,59.847742
77394,77394,58.701502,60.408328
77397,77397,58.641251,60.196988
77400,774000,58.878991,60.72886
77401,77401,48.082513,70.979412
77410,774104,59.04578,60.616751
77420,774208,59.173265,60.496574
77430,774301,59.421646,60.528689
77432,77432,59.474968,60.545816
77440,774405,59.620958,60.643387
77460,774602,59.544141,60.595254
77470,774706,59.620958,60.643387
77473,77473,59.608752,60.666322
77500,775003,59.661082,60.583581
77510,775107,59.70193,60.305457
77520,775200,59.654671,60.239682
77530,775304,59.749231,60.000692
77540,775408,59.795009,60.132185
77551,77551,59.834917,60.143
77560,775605,59.907212,60.111071
77570,775709,60.107831,59.931169
77580,775802,60.143632,59.813753
77600,776006,59.600916,60.691558
77605,77605,59.482575,61.048286
77610,776108,59.391355,61.213122
77632,77632,59.212333,61.58553
77633,77633,59.274221,61.462191
77640,776400,59.169095,61.866136
77650,776504,59.925928,60.562798
77660,776608,60.060721,60.467345
77671,77671,60.112197,60.446926
77680,776805,60.217746,60.408361
77691,77691,60.314469,60.41601
77700,777009,60.414018,60.408329
77710,777102,60.659848,60.400929
77711,77711,60.665475,60.47646
77740,77740,60.760267,60.424267
77750,777507,60.860974,60.444899
77760,777600,60.656885,60.51453
77772,77772,60.794865,61.034395
77780,777808,60.89967,61.491512
77790,777901,61.018617,61.999933
77802,77802,61.257878,63.093868
77810,77810,61.17372,62.697691
77820,778209,61.212564,62.853353
77840,778406,61.314859,63.329993
77850,778509,61.367443,63.56365
77870,778707,61.42087,63.529781
77880,778800,61.931616,63.0008
77890,778904,61.47812,64.0526
77900,779004,61.678928,64.472088
77910,779108,61.945721,64.923475
77920,779201,62.141422,65.402805
77930,779305,62.451383,65.597706
77940,779409,62.530292,65.594777
77950,779502,62.530292,65.594777
78000,780001,56.882111,60.473385
78004,78004,56.838754,60.239359
78010,780105,56.866545,60.319309
78020,780209,56.920013,60.483485
78030,780302,56.882231,60.473312
78050,780506,56.858847,60.606015
78060,780603,56.830225,60.645966
78063,78063,56.876864,60.618062
78070,780707,56.777917,60.62517
78080,780800,56.871453,60.674954
78090,780904,52.957236,49.613667
78092,78092,56.655849,60.606859
78100,781004,56.750632,60.608632
78110,781108,56.679468,60.579066
78122,78122,56.554924,60.399149
78130,781305,56.431439,60.309509
78140,781409,56.813565,59.930375
78154,78154,56.887313,60.076962
78170,781701,56.890002,59.971661
78180,781803,56.897084,59.895001
78190,781907,56.945675,59.80621
78200,782007,56.94684,59.673558
78211,78211,57.006867,59.595679
78220,782204,56.40712,59.251662
78230,782308,56.649358,59.284919
78240,782401,56.676185,59.456264
78250,782505,56.791421,59.526
78262,78262,56.890717,59.490033
78270,782702,57.024871,59.440569
78300,783002,57.245968,58.721907
78311,78311,57.226756,58.853413
78320,783207,57.188079,58.94224
78331,78331,57.111546,59.194107
78340,783404,57.189512,59.267752
78342,78342,57.248558,59.059485
78350,783508,57.360675,58.962307
78360,783601,57.450255,58.820704
78361,78361,57.587555,58.684367
78370,78370,57.688933,58.623599
78380,783809,57.798082,58.51356
78394,78394,57.86317,58.353979
78400,784002,57.867725,58.027396
78410,78410,58.006787,57.896058
78420,784208,58.111148,57.779935
78430,784303,57.081193,61.665438
78442,78442,57.054637,61.721056
78450,784500,56.884293,62.045997
78463,78463,56.95745,62.003954
78471,78471,57.140208,61.915256
78473,78473,57.07326,61.965032
78481,78481,57.037608,61.538065
78490,784905,57.29634,61.897398
78500,785005,56.925725,60.78201
78510,785109,57.002805,60.786129
78520,785202,57.055681,60.885614
78530,785306,57.122181,60.969699
78540,785403,57.144397,61.047633
78541,78541,57.205008,61.099182
78551,78551,57.266711,61.231942
78560,785607,57.313618,61.337825
78570,785700,57.369568,61.439543
78585,78585,57.373388,61.687291
78590,785908,57.366975,61.884536
78622,78622,57.545837,61.813671
78630,786309,57.607438,61.785518
78640,786402,57.68034,61.753932
78650,786506,57.607771,61.785917
78660,786609,57.784282,61.71548
78670,786703,57.968524,61.697827
78680,786807,58.030572,61.722203
78690,786900,58.107417,61.71671
78700,787000,58.443399,61.752438
78712,78712,58.629652,61.790563
78713,78713,58.519689,61.759819
78720,787208,58.7174,61.800777
78730,787301,58.798016,61.804298
78743,78743,59.139747,61.752785
78744,78744,58.925126,61.795854
78760,787602,57.390834,62.310309
78770,787706,57.540744,62.728927
78780,787804,57.669227,63.030424
78802,78802,57.929609,63.551484
78810,788107,58.037468,63.695701
78823,78823,58.021049,64.396667
78826,78826,58.028439,63.968371
78840,788408,58.039327,64.783227
78850,788501,58.051325,65.265658
78853,78853,58.254186,65.511403
78860,788605,58.435421,65.659479
78870,788709,58.808754,65.984346
78880,788802,59.335961,66.003168
78890,788906,59.583481,65.894588
79000,790003,57.14548,65.522695
79030,790304,57.101926,65.640286
79040,790408,57.101926,65.640286
79050,790501,57.040515,65.72983
79060,790605,56.963112,65.778732
79070,790709,56.901996,65.871772
79080,790802,56.659877,66.317756
79090,790906,56.517575,66.544566
79100,791006,56.481877,66.896999
79120,791203,56.461521,67.669301
79133,79133,56.433257,67.990946
79140,791400,56.392706,68.378806
79160,791608,56.116511,69.511978
79174,79174,56.030078,69.795852
79180,791805,55.929595,70.144939
79190,791909,55.859023,70.44654
79207,79207,55.77477,70.769654
79210,792102,57.140932,65.353953
79224,79224,57.098557,64.841838
79230,792308,57.069121,64.543301
79240,792403,57.074831,64.260351
79250,792507,57.0747,64.261197
79260,792600,57.061882,63.742819
79270,792704,56.972143,63.261328
79283,79283,56.907874,62.96813
79290,792901,56.852404,62.715269
79300,793001,56.852354,62.614865
79310,793105,56.814349,62.518735
79311,79311,56.812807,62.383507
79320,793209,56.779877,62.060097
79342,79342,56.768905,61.737872
79350,793503,56.73655,61.377866
79360,793603,56.805838,61.365367
79363,79363,56.863964,61.398366
79371,79371,56.922052,61.427508
79380,793800,57.008563,61.520813
79390,793904,56.754913,61.128909
79400,794004,56.751462,61.041462
79402,79402,55.130339,27.675313
79411,79411,56.787869,60.787899
79420,794201,56.79477,60.727642
79430,794305,56.761372,60.820185
79440,794409,56.721144,60.930936
79450,794502,56.683744,61.051661
79460,794606,56.643371,61.188304
79490,794907,56.509899,61.57113
79500,795007,56.458781,61.826541
79510,795100,56.433097,61.928054
79530,795308,56.3908,62.215499
79540,795401,56.359755,61.952736
79542,79542,56.353376,61.94656
79555,79555,56.353376,62.168347
79560,795609,57.175618,65.867293
79570,795702,57.47357,66.396092
79580,795806,57.78012,67.16222
79590,795904,58.025566,67.803348
79600,796000,58.226471,68.188803
79610,796103,58.284048,68.296872
79617,,58.830831,69.045212
79620,796207,58.251157,68.214844
79630,796300,58.251157,68.214844
79650,796508,59.011927,69.291031
79660,796601,58.927745,69.135185
79670,796705,60.06215,71.460228
79690,796902,60.343174,72.027962
79700,797002,60.756747,72.831814
79702,79702,60.943956,73.100846
79720,797205,61.227908,73.162072
79730,797303,61.303328,73.312967
79740,797407,61.302629,73.307641
79750,797500,61.331016,73.405144
79760,797604,61.287074,75.214406
79770,797708,61.499073,74.165928
79775,,62.158875,74.519683
79780,797801,61.153216,75.992065
79790,797905,60.982162,76.554054
79800,798005,61.014972,76.448311
79810,798109,61.331016,73.405144
79820,798202,62.251878,74.53602
79830,798306,63.177659,75.431849
79840,798400,63.177659,75.431849
79850,798503,65.012155,77.716667
79852,79852,63.724451,75.927406
79860,798607,65.269537,77.760508
79862,79862,64.370787,76.692313
79863,,63.838862,76.385948
79870,798700,64.486969,76.680895
79880,798804,65.848284,74.481138
79890,798908,64.938836,77.569778
79900,799008,65.269537,77.763254
79910,799101,65.919949,78.188916
79920,799205,66.093848,76.692303
79930,799309,65.994126,77.444093
79940,799402,66.093825,76.697023
79950,799506,66.093088,76.873466
79960,799606,66.255253,76.844627
79970,799703,66.362969,76.855614
79980,799807,66.578111,76.604301
79990,799900,66.965225,76.325523
80000,800008,55.140678,61.416535
80010,800101,55.132437,61.417148
80020,800205,55.103899,61.367226
80024,80024,55.043294,61.239797
80030,800309,55.068441,61.332537
80031,80031,55.052627,61.329448
80033,80033,55.042282,61.446938
80040,800402,54.95231,61.329175
80041,80041,55.043662,61.416726
80050,800506,55.038184,61.364819
80060,800605,55.09889,61.562651
80072,80072,55.105714,61.588387
80100,801000,55.186019,61.631425
80110,801104,55.163797,61.542355
80120,801208,55.237046,61.4464
80130,801301,55.151479,61.469762
80140,801405,55.192512,61.414678
80150,801509,56.129678,61.903704
80160,801602,55.990888,61.813332
80174,80174,55.672729,61.621994
80178,80178,55.896962,61.745325
80180,801800,55.587104,61.594694
80190,801903,55.297428,61.549017
80191,80191,55.199257,61.55658
80207,80207,56.306805,60.277879
80210,802107,56.063567,60.255261
80221,80221,55.992026,60.426768
80230,802304,55.908265,60.458339
80250,802501,55.633708,60.530296
80276,80276,55.62831,60.51657
80280,802802,55.453425,60.217342
80290,802906,55.722404,60.573219
80292,80292,55.594362,60.727309
80300,803006,55.628893,60.787795
80310,803101,55.48616,60.873534
80320,803203,55.299805,61.196865
80330,803307,55.237136,61.287718
80340,803400,53.386613,60.997025
80348,80348,53.561673,61.132529
80350,803504,53.797283,61.163771
80360,803608,53.882239,61.39929
80370,803701,54.06111,61.617716
80380,803805,54.06111,61.617716
80390,803909,54.112258,61.573084
80400,804009,54.396858,61.398948
80410,804102,54.444274,61.367455
80420,804206,54.52958,61.310427
80430,804307,54.453906,61.279503
80440,804403,54.590487,61.274722
80450,80450,54.707035,61.248412
80460,804600,54.781179,61.24675
80470,804704,54.871326,61.208489
80480,804808,55.034248,61.096479
80506,80506,54.980103,60.750366
80510,805105,54.993025,60.463139
80520,805209,54.977999,60.38578
80521,80521,55.001373,60.243301
80530,805302,55.023142,60.131216
80540,805406,54.500404,59.617049
80557,80557,54.871106,59.967098
80560,805603,54.635914,59.811029
80570,805707,54.370881,59.440737
80580,805800,53.312255,59.130711
80590,805904,55.079512,59.90648
80600,806004,55.082545,59.840906
80610,806108,55.116982,59.77224
80620,806201,55.202215,59.717652
80621,80621,55.201558,59.660873
80640,806409,55.21589,59.520797
80646,80646,55.197434,59.429816
80652,80652,55.187121,59.407234
80660,806606,55.159519,59.148474
80670,806708,55.102061,58.994265
80680,806803,55.047142,59.014397
80690,806907,54.947607,58.815054
80700,807007,55.354732,59.406169
80710,80710,55.463156,59.457124
80720,807204,55.798524,59.396865
80730,807308,56.017071,59.602604
80740,80740,56.209659,59.401073
80752,80752,56.292009,59.321431
80760,807609,55.137083,58.884502
80770,807702,55.092113,58.718829
80780,807806,55.036501,58.557657
80790,807903,54.908375,58.355878
80820,808207,54.842998,58.439549
80830,808300,54.797264,58.282334
80831,80831,54.778896,58.23483
80840,808404,54.755106,58.183242
80850,808508,54.938736,58.128114
80860,808601,55.013882,57.982573
81000,810006,51.213732,58.6173
81030,81030,53.195114,50.772117
81031,81031,53.158146,50.894786
81033,81033,53.120327,51.08453
81040,810404,53.067517,51.327095
81055,81055,53.061997,51.449129
81060,810601,53.040596,51.714902
81068,81068,52.9384,52.029042
81070,810705,52.65744,52.393043
81080,810809,52.768267,52.271225
81090,810902,52.677104,52.358368
81100,811002,52.616245,52.49019
81110,811106,52.507599,52.815983
81120,811201,52.439453,53.122573
81130,81130,52.266021,53.423965
81140,811407,52.081912,53.644246
81150,811500,51.970705,53.909314
81160,811604,51.874597,54.184429
81175,81175,51.869767,54.524746
81180,811801,51.886717,54.848933
81186,81186,51.832277,55.04741
81190,811905,51.776671,55.074339
81200,812005,51.716084,55.088799
81210,81210,51.60061,55.017546
81220,812202,51.533379,55.008225
81230,812306,51.324499,54.957896
81232,81232,51.233737,54.904765
81240,812407,51.95265,55.35485
81250,812503,51.955609,55.370643
81260,812607,51.957529,55.532005
81270,812700,51.940176,55.701702
81280,812804,51.871272,56.041102
81290,812908,51.777124,56.357121
81301,81301,51.613309,56.59954
81310,813101,51.532161,56.681067
81320,813205,51.527366,56.842752
81335,81335,51.521829,57.100957
81340,813402,51.475562,57.347584
81353,81353,51.371528,57.51924
81360,813602,51.406817,57.585152
81370,813703,51.467698,57.90797
81380,813807,51.398282,58.128557
81382,81382,51.493234,58.184871
81390,813900,51.498731,58.198064
81400,814000,51.290631,58.431913
81410,814104,51.47212,58.431937
81420,814208,51.201362,58.339659
81422,81422,51.216395,58.495935
81430,814301,51.247617,58.563617
81450,814509,50.785387,58.374742
81475,81475,51.071608,59.107024
81480,814808,50.774423,59.530367
81482,81482,50.819655,59.770348
81490,814903,51.014843,59.908126
81500,81500,50.835095,60.162185
81510,815107,50.831301,60.88393
81523,81523,51.315493,58.880084
81530,815304,51.364303,59.030585
81554,81554,51.407074,59.148344
81560,815605,51.598179,59.503357
81570,815709,51.816752,59.762234
81580,815802,51.968128,59.905269
81590,815906,52.080857,60.026007
81592,81592,52.272803,60.189346
81600,816006,52.408855,60.348659
81610,816109,52.709448,60.506595
81611,81611,53.311524,68.853702
81620,816203,53.049657,60.642047
81660,81660,52.890193,61.574299
81670,81670,52.839974,62.015716
81680,81680,52.7463255,62.3956505
81690,816909,53.065599,60.55392
81701,81701,53.110978,60.043587
81710,817102,53.158041,59.980117
81720,817206,53.235451,59.578747
81730,817304,53.326029,59.424252
81740,817403,53.398819,59.298713
81750,817507,53.448469,59.188057
81760,817600,53.399249,59.070641
81762,81762,53.484086,58.980026
81790,817901,53.460325,59.003029
81800,818001,53.389156,58.871383
81810,818105,53.252589,58.897768
81812,81812,53.144078,58.865007
81820,818209,53.013003,58.764757
81830,818302,52.718826,58.64898
81840,818406,53.528875,58.980021
81841,81841,53.606099,58.852865
81880,818800,52.13494,50.834246
81900,819004,52.193443,51.581101
82000,820001,54.847193,69.102479
82010,820105,54.847193,69.102479
82060,820603,47.258835,35.325242
82061,,47.358479,35.329408
82062,,47.165593,35.319484
82070,820707,47.438606,35.277712
82080,820800,47.311601,36.589631
82090,820904,47.264749,36.489635
82100,821004,47.328982,36.694534
82110,821108,47.429839,36.513044
82120,821201,47.275221,36.31545
82130,821305,47.475616,36.260962
82140,821409,47.492801,36.134714
82150,,47.507902,36.044126
82152,,45.969508,34.487648
82160,821606,46.209336,34.632133
82170,821702,46.166025,34.796598
82180,821803,46.380101,34.809541
82190,821907,46.499564,34.948037
82200,822007,46.679496,35.165364
82210,822100,46.868805,35.355726
82220,822204,46.933302,35.325448
82230,822308,47.080773,35.314269
82240,822401,47.025282,34.880972
82250,822505,47.033205,35.010356
82260,822609,47.174838,34.962903
82261,,47.25602,34.980396
82262,,47.354658,34.994237
82263,,47.381246,35.032688
82265,,47.375068,34.999559
82290,822908,47.503104,34.626078
82300,823003,47.077936,35.507892
82310,823103,47.204283,35.616999
82320,823207,47.233053,35.719244
82330,823300,47.21298,36.01763
82331,,47.219625,36.314837
82340,823404,47.206833,36.311403
82350,823508,47.042171,36.295318
82360,823601,46.94876,36.400342
82370,823705,46.877466,36.614709
82380,823809,46.794723,36.76989
82390,823902,46.75372,36.804907
82400,824002,46.75372,36.804907
82410,824106,47.37398,37.063074
82516,82516,54.898121,70.835768
82520,825202,54.906034,70.4485
82560,,48.547081,38.914198
82570,,48.573924,39.214086
82581,82581,51.10839,60.921473
82590,825908,48.400644,38.76212
82591,82591,54.875319,69.900106
82600,,48.408784,38.634325
82607,82607,54.864152,69.705442
82608,82608,54.904213,68.699163
82620,826205,54.938923,68.523612
82633,82633,55.012005,68.185369
82640,826402,5506985,67.907964
82650,826506,55.133701,67.58008
82660,826600,55.220696,67.230428
82672,82672,55.258722,66.975776
82680,826807,55.265251,66.487983
82690,826900,55.373204,65.825739
82700,827000,55.405602,65.536234
82720,827208,54.794191,65.948974
82730,827301,54.447458,66.063871
82740,827405,56.385299,62.323115
82750,827509,56.297438,62.579492
82760,827602,56.270683,62.927215
82770,827706,56.187038,63.274589
82780,827805,56.09718,63.67971
82785,82785,55.987359,63.866161
82790,827903,55.86234,64.210923
82801,82801,55.715796,64.650041
82805,82805,55.749581,64.494859
82810,828107,55.65846,64.813446
82820,828200,55.609369,64.939161
82821,82821,55.566673,65.089825
82842,82842,55.491115,65.207928
82850,828501,55.447755,65.343695
82855,82855,55.427909,65.235393
82890,828906,55.427003,65.107908
82900,829006,55.392162,64.764984
82910,829106,55.372341,64.469921
82920,829203,55.331539,63.903606
82922,82922,55.294723,63.619561
82930,829307,55.217835,63.26752
82940,829400,55.211238,62.761384
82950,829504,55.207459,62.242337
82965,82965,55.205483,62.045692
82972,82972,55.19685,61.729457
83000,830003,54.934991,73.483976
83010,830107,54.983727,73.172656
83020,830200,54.945432,73.189135
83030,830304,54.937613,73.328708
83040,830408,54.937613,73.328708
83051,83051,55.031988,73.039743
83070,830709,54.93984,73.386704
83080,830802,54.93984,73.386704
83120,831203,54.947775,73.440367
83131,83131,54.982532,73.440083
83140,831400,55.030115,73.440321
83150,831504,55.060946,73.300183
83160,831608,55.562737,71.366778
83176,83176,55.348357,72.056459
83180,831805,55.152671,72.689843
83200,832009,54.906867,71.264389
83213,83213,54.92571,71.61727
83220,832206,54.935948,71.936041
83240,832403,54.957619,72.640122
83252,83252,54.953126,73.050686
83260,832600,54.907801,73.257549
83270,832704,54.949801,72.310813
83280,832808,55.043653,74.562619
83300,833001,55.216366,75.957822
83330,833302,55.307452,76.757849
83346,83346,55.330749,76.930883
83359,83359,55.357577,77.477805
83360,833603,55.354961,78.348893
83396,83396,55.341432,79.035825
83400,834004,55.303944,79.66912
83410,834108,55.201575,80.277986
83423,83423,55.147824,80.638313
83450,834502,54.569176,73.696088
83460,834606,54.40292,74.000168
83470,834700,54.155406,74.447861
83482,83482,47.874196,29.626622
83500,835007,53.92099,74.832383
83530,835308,53.883824,75.111161
83540,835401,53.818865,75.767594
83555,83555,53.77848,77.954712
83557,83557,53.735145,78.035084
83560,835609,53.735158,78.035001
83590,835905,53.726756,78.632818
83600,836000,53.735608,79.244612
83610,836103,53.762285,79.673271
83630,836300,53.757972,80.268199
83643,83643,53.726222,80.642836
83652,83652,53.714302,81.037422
83660,836601,53.784975,81.33783
83670,836705,53.792171,81.420619
83680,836809,53.808876,82.311541
83690,836902,53.777826,83.04775
83700,837002,52.792112,78.773483
83710,837106,52.978657,78.647734
83721,83721,53.059316,78.570143
83730,837303,53.18081,78.481818
83740,837407,53.33168,78.337218
83750,837500,54.099701,77.656103
83760,837604,54.357816,77.280189
83770,837708,54.707699,76.587707
83780,837801,54.896523,76.352436
83800,838005,49.520326,37.959031
83810,838109,48.518054,38.586185
83811,838113,48.625975,38.577076
83812,,48.650383,38.603489
83820,838202,48.644003,38.364861
83822,,48.617604,38.333275
83830,838306,48.598269,38.879724
83840,838401,48.668328,38.749813
83842,,48.70817,38.648602
83844,838448,48.735009,38.53413
83850,838503,48.71387,38.428832
83851,,48.736552,38.31022
83854,,48.737242,38.385854
83857,,48.700689,38.380619
83860,838607,48.803851,38.418345
83864,838645,48.869443,38.488178
83870,838700,48.897464,38.477543
83880,838804,48.962667,38.343041
83890,838908,48.864965,38.272872
83900,839008,48.915433,38.453122
83910,839101,48.942779,38.408584
83920,839205,49.006206,38.350023
83930,839309,49.052955,38.237413
83940,839402,49.22637,38.216102
83950,839506,49.407814,38.166256
83952,,48.39374,38.470662
83953,,48.363386,38.495872
83960,839607,48.087694,39.787969
83970,839703,48.04933,39.651545
83971,,48.067628,39.621848
83980,839807,48.066057,39.543923
83990,839900,48.074936,39.477166
84000,840005,53.423724,83.909822
84010,840109,53.364058,83.758901
84050,840503,53.506895,83.836929
84060,840607,53.589916,83.750521
84068,84068,53.626785,83.72539
84080,840804,53.734679,83.644366
84090,840908,53.346436,83.756525
84100,841008,54.091144,83.410476
84111,,53.457195,84.014292
84117,84117,53.500718,84.19804
84122,84122,53.550828,84.529003
84130,841309,53.662939,84.810467
84140,841402,53.714607,84.94727
84145,84145,53.83539,85.196699
84160,841604,53.850078,85.443439
84170,841703,53.950584,85.65625
84182,84182,54.021263,85.893829
84191,84191,54.106144,86.138275
84216,84216,53.285735,84.30271
84220,842208,53.202998,84.600845
84230,842301,53.116446,84.668878
84241,84241,53.07393,84.436585
84250,842509,52.983644,84.66982
84262,84262,52.893902,84.680265
84263,84263,52.795067,84.82042
84281,84281,52.730818,84.614904
84290,842903,52.535235,85.179278
84291,84291,52.636859,84.451907
84300,843003,52.66113,84.939583
84320,843200,52.535963,85.170695
84330,843304,51.294764,81.106227
84340,843408,51.519758,81.199752
84353,84353,51.634063,81.285469
84354,84354,51.560864,81.227178
84367,84367,51.749073,81.399142
84380,843802,51.853797,81.555697
84390,843906,51.989717,81.81818
84394,84394,52.07806,82.001822
84410,844100,52.218815,82.265053
84420,844203,52.370428,82.541745
84430,844307,52.499668,82.790767
84444,84444,52.671633,83.000865
84450,844504,52.818733,83.114998
84455,84455,49.789239,84.257674
84460,844608,53.086051,83.366113
84470,844701,52.567573,78.933219
84476,84476,52.71762,79.511181
84480,844805,52.567573,78.933219
84494,84494,51.939109,79.476997
84513,84513,51.344987,80.852956
84521,84521,51.549482,79.974933
84523,84523,51.329253,80.941281
84530,845306,51.286153,81.103481
84540,845403,52.819845,79.904641
84560,845600,52.927301,80.456208
84562,84562,52.89605,80.279077
84570,845704,52.960604,80.816517
84580,845808,52.965931,81.697323
84590,845901,52.966218,81.637087
84600,846001,53.008799,82.289631
84610,846105,53.083151,82.864169
84620,846209,53.180372,83.231982
84630,846302,53.236492,83.408665
84700,847004,48.095997,39.370483
84701,,48.131946,39.250335
84710,847108,48.140142,39.204087
84720,847201,48.173039,39.12633
84730,847305,48.133007,39.08713
84740,847409,48.153274,38.782219
84742,,48.218599,39.05356
84750,847502,48.219128,38.959608
84760,847606,48.17893,38.847977
84770,847707,48.178375,38.919415
84780,847803,48.141082,38.92606
84790,847907,48.286505,38.842814
84792,847926,48.259928,38.681356
84800,848007,48.271608,38.617682
84801,848011,48.328736,38.491462
84810,848100,48.34154,39.714711
84812,,48.333539,39.622215
84813,,48.33125,39.592689
84820,848204,48.329453,39.535009
84830,848308,48.502088,39.292535
84840,848401,48.486447,39.093925
84850,848505,48.554345,39.024342
84860,848609,48.483503,38.778735
84870,848702,48.28073,39.89533
84874,848740,48.576112,39.135851
84876,,48.382685,38.545109
84880,848806,48.565895,39.25825
84890,848902,48.577308,39.289768
84900,849008,48.528651,39.296698
84910,849103,48.591676,39.353043
84913,,48.63515,39.408024
84915,,48.655349,39.474915
84920,849207,48.672916,39.564121
84930,849300,48.676674,39.44786
84936,,48.593075,39.521699
84940,849404,48.771637,39.279102
84945,849457,48.842915,39.069802
84950,849508,48.950427,39.028594
84960,849601,49.277722,38.928229
84961,,48.509808,39.522253
84965,,48.462051,39.598814
84970,849705,48.346628,39.615214
84972,,48.299679,39.677589
84980,849809,48.109104,39.605921
84981,,49.974601,38.229944
84990,849902,49.922806,38.289882
85000,850007,54.964451,83.118731
85003,85003,54.974048,83.038019
85010,850100,54.993126,82.725208
85020,850204,54.965,82.822071
85030,850308,54.951679,82.961981
85040,850401,54.962857,83.057747
85050,850505,55.004395,82.951868
85060,850609,55.035552,82.894334
85100,85100,55.035552,82.894334
85120,851207,54.995157,82.853764
85130,85130,54.995157,82.853764
85150,851508,55.067508,82.974533
85160,851601,55.10422,83.000729
85162,85162,55.15491,83.114567
85180,851809,55.209701,83.325097
85200,852002,55.112943,83.275964
85210,852106,55.099798,80.973428
85220,852200,55.010544,82.216703
85230,852303,55.00234,82.439849
85240,852407,54.231318,83.379355
85250,852500,54.297127,83.333555
85260,852604,54.367651,83.313046
85270,852708,54.461315,83.365929
85280,852801,54.512643,83.349414
85290,852905,54.957319,82.847611
85300,853005,54.640308,83.295466
85310,853109,54.76673,83.109928
85323,85323,54.809197,83.087458
85330,853306,54.8688,83.077352
85343,85343,54.91367,83.075245
85350,853503,54.980051,83.288874
85353,85353,54.985718,83.330751
85363,85363,55.035555,83.430845
85374,85374,55.186647,83.899645
85380,853804,55.204911,83.96728
85390,853908,55.232451,84.410473
85410,854101,55.302486,83.621274
85422,85422,55.461131,83.820746
85423,85423,55.5571,84.067434
85440,854402,55.668883,84.392605
85500,855000,49.784795,38.615308
85510,855104,48.569427,39.242468
85520,855208,49.974601,38.229944
85540,,48.672916,39.564121
85550,,48.424372,39.228442
85560,855602,48.109618,39.081019
85570,855706,47.975741,39.648475
85580,855807,48.672733,38.559643
85590,855903,48.405578,39.208036
85610,856107,45.884124,34.449213
85620,856200,45.710926,34.387622
85622,,45.60746,34.341875
85630,856304,45.502667,34.29408
85640,856408,45.351221,34.177729
85650,856501,45.291557,34.132189
85660,856605,45.886923,34.449246
85670,856709,45.127515,34.029885
85676,,45.164736,33.81224
85680,856802,45.022636,34.037509
85690,856906,44.964027,34.083997
85700,857006,44.836493,33.964843
85710,857108,44.798849,33.898315
85720,857203,44.755818,33.848991
85740,857400,44.652019,33.592813
85750,857504,44.652012,33.592821
85770,857701,44.596077,33.529077
85800,858009,44.607171,33.597627
85810,858102,44.60703,33.598017
85820,858206,44.587853,33.610716
85821,,44.538378,33.61381
85830,858303,44.553658,33.492323
85840,858403,44.554948,33.490023
85850,858507,44.582661,33.41551
85860,858600,44.582661,33.41551
85870,858704,45.144935,33.599119
85880,858808,45.152073,33.498926
85900,859001,45.213972,33.37168
85901,,45.200159,33.354808
86000,860009,53.739446,87.146446
86010,860102,53.748401,87.051689
86020,860206,53.771783,87.191935
86021,86021,53.793844,87.145187
86024,86024,53.892681,87.239945
86060,860600,55.056183,84.787891
86064,86064,55.110991,84.728571
86074,86074,55.033366,85.034639
86102,86102,54.985192,85.292477
86110,86110,54.833429,85.124007
86120,861209,54.917056,85.641753
86130,861302,54.686598,86.086603
86134,86134,54.583597,86.212507
86140,861406,54.548609,86.237674
86210,862108,54.072513,86.897808
86220,862201,54.500835,86.309232
86230,862305,54.388762,86.32134
86240,862409,54.339585,86.11775
86250,862502,54.79302,20.628776
86260,862606,54.255323,86.217657
86264,86264,54.127314,86.278631
86270,862701,54.120138,86.289682
86271,86271,54.117971,86.292364
86280,862803,54.151036,86.380255
86290,862907,54.089872,86.504239
86300,863007,54.068798,86.550608
86310,863100,54.075259,86.524515
86320,863204,53.911323,87.476101
86330,863308,53.911648,87.473354
86340,863401,55.531323,60.375358
86350,863505,54.093384,86.445625
86370,863702,53.787908,86.826584
86372,86372,54.015492,86.624152
86380,863806,54.006918,86.673591
86390,863907,53.894445,86.72889
86400,864002,53.906611,86.746375
86410,864103,53.81569,87.115791
86420,864207,53.770827,87.191879
86430,864300,53.73583,87.259171
86440,864404,53.761877,87.418499
86460,864601,53.766357,87.610183
86470,864705,53.766357,87.610183
86480,864809,53.678069,87.969508
86490,864902,53.700592,88.023337
86500,865002,53.625246,87.31267
86510,865106,53.525101,87.275329
86520,865208,53.413207,87.280913
86533,86533,53.336627,87.239486
86540,865407,53.203764,87.314099
86553,86553,53.096993,87.50733
86554,86554,53.144587,87.373944
86560,865604,53.461084,87.315424
86570,865708,53.153306,87.393622
86580,865801,53.112985,87.561577
86594,86594,53.025785,87.539802
86600,866005,52.919493,87.5633
86610,866109,52.795625,87.864128
86630,866306,52.923802,87.973814
86640,866403,52.772874,87.887046
86700,867008,45.366099,36.615352
86710,867101,45.366356,36.624496
86720,867205,45.38309,36.480014
86722,,45.375238,36.299631
86723,,45.375238,36.299631
86730,867309,45.361745,36.432446
86737,,45.372173,36.170691
86740,867402,45.323455,36.408958
86750,867506,45.323455,36.408958
86760,867609,45.303041,36.424283
86770,867703,45.303073,36.424191
86780,867807,45.359215,36.483357
86790,867900,45.359215,36.483357
86800,868000,45.363373,36.479712
86810,868104,45.363297,36.47967
86820,868208,45.298685,35.772867
86821,,45.330458,35.909661
86824,,45.354189,36.039143
86830,,45.168965,35.377512
86832,,45.127594,35.400034
86840,868405,45.058494,35.390763
86850,868509,45.058494,35.390763
86860,868602,45.030574,35.384313
86870,868706,45.030297,35.384214
86880,868804,45.336014,36.421733
86890,868903,45.335999,36.421733
86900,869003,45.226625,35.221584
86910,869107,45.339385,34.929161
86920,869200,45.448716,34.735815
86930,869304,45.590812,34.564911
86940,869408,45.870999,34.005889
86950,869501,45.96056,33.780852
86960,869605,46.11614,33.702744
86980,869802,46.11408,33.703231
87000,870000,55.358249,86.03458
87010,870104,55.358249,86.03458
87040,870405,55.717746,84.841755
87041,87041,55.708365,84.781779
87064,87064,55.667598,84.768959
87070,870706,55.428281,84.866854
87080,870801,55.364509,85.225814
87092,87092,55.238716,85.409645
87110,871107,55.27287,85.615876
87120,871200,55.321314,85.977326
87130,871304,55.35778,86.03458
87140,871408,55.439841,86.095005
87152,87152,55.806553,85.142874
87170,871709,55.535831,86.16422
87180,871802,55.669221,86.25568
87190,871906,55.691968,86.246239
87200,872006,55.715232,86.277825
87210,872102,55.771106,86.286506
87230,872307,55.016808,85.948307
87246,87246,54.791625,86.133837
87250,872504,54.667693,86.172256
87260,872608,54.6425,86.169494
87270,872701,54.652885,86.181869
87271,87271,54.585487,86.245942
87290,872909,55.761168,85.004226
87300,873009,55.835004,85.34774
87320,873206,55.871609,85.426979
87330,873308,56.05927,85.618667
87364,87364,56.170812,85.434706
87375,87375,56.281072,85.488625
87380,873808,56.36474,85.168097
87390,873901,56.507601,84.999622
87400,874001,56.507601,84.999622
87430,874302,56.507601,84.999622
87440,874406,56.507601,84.999622
87460,874603,56.589314,85.161622
87464,87464,56.693471,85.328975
87482,87482,56.830886,85.520539
87490,874904,56.820653,85.604963
87501,87501,56.902011,85.274499
87510,875108,56.995863,86.158058
87520,875201,57.11472,86.182006
87530,875305,57.276378,86.116573
87540,875409,57.410272,86.045568
87550,875502,57.726395,85.767056
87560,875606,58.029836,85.417537
87570,875709,58.268412,85.192467
87580,875803,58.430706,85.048721
87590,875907,56.059708,85.993845
87600,876007,56.108275,86.172222
87610,876100,56.078105,86.257709
87620,876204,56.194126,86.435894
87630,876308,56.190105,86.633648
87640,876401,56.169398,87.234795
87653,87653,56.172403,87.546055
88000,880002,56.305228,90.517626
88001,88001,56.367659,90.653253
88004,88004,47.181867,29.938479
88010,880106,56.217093,87.773551
88023,88023,56.206096,87.934734
88030,880303,56.213792,88.123954
88040,880407,56.112008,88.510626
88050,880500,56.067214,88.685295
88060,880604,56.068766,89.007525
88063,88063,56.116159,89.247443
88080,880801,56.209412,89.527277
88090,880905,56.241322,90.008261
88100,881005,56.298749,90.280223
88140,881408,56.474622,90.65172
88152,88152,56.486351,90.853315
88162,88162,56.627849,91.00533
88173,88173,56.800055,91.20743
88180,881804,56.983863,91.39817
88190,881908,57.326509,91.65271
88200,882008,57.431631,91.700446
88210,882101,57.592498,91.898945
88220,882205,57.78383,92.163481
88222,88222,57.94262,92.381019
88230,882309,58.080445,92.635627
88250,882506,58.186081,92.523079
88260,882603,58.186081,92.523079
88284,88284,56.29838,90.837805
88380,883809,56.248963,90.515167
88390,883903,56.14575,90.405171
88392,88392,56.078571,90.33442
88400,884003,56.009849,90.394615
88410,884107,55.769824,90.142076
88420,884200,55.69429,90.044499
88423,88423,55.661942,89.411202
88430,884304,55.531439,89.220879
88450,884501,55.624183,89.102889
88451,88451,55.406378,88.953928
88472,88472,55.511789,88.702865
88480,884802,55.307839,88.463877
88490,884906,55.034682,88.501098
88500,885006,55.562747,90.00685
88510,885100,55.303429,89.832138
88520,88520,55.148943,89.851748
88530,885307,54.991428,89.834001
88540,885400,54.701713,89.776819
88550,885504,54.481993,89.957676
88560,885608,54.363731,89.969007
88570,885701,54.168296,90.207949
88580,885805,53.975405,90.31726
88590,88590,53.839189,90.240083
88604,88604,53.728639,90.367246
88620,886206,53.587263,90.889307
88627,88627,53.63008,90.741583
88630,886305,53.644279,88.175544
88633,88633,53.667692,88.11512
88640,886403,53.651623,88.545727
88650,886507,53.424307,89.125489
88660,886600,53.455075,89.525023
88680,886808,53.276954,89.564991
88690,88690,53.336374,89.888428
88691,88691,53.264258,89.971533
88700,887001,53.13384,90.413504
88720,88720,53.056818,90.384971
88730,88730,52.958793,90.248121
88742,88742,52.711242,90.260841
88750,887500,52.657286,90.128556
88760,887603,53.26277,90.694675
88767,88767,53.597275,91.126296
88770,887707,53.535549,91.070032
88780,887800,53.678681,91.303171
88790,887904,53.812883,91.28395
88800,888004,53.715358,91.439749
88810,888108,53.715358,91.439749
88820,888201,53.675155,91.525849
88830,888305,53.627428,91.636478
88836,88836,53.776029,92.352035
88840,888409,53.893937,92.740859
88844,88844,54.02338,92.947284
88850,888502,55.30797,94.274901
88853,88853,54.259562,93.321505
88858,88858,54.166351,93.242753
88860,888606,54.321953,93.221703
88870,888706,54.304067,93.369448
88880,888803,54.543449,93.449567
88890,888907,54.961774,93.95633
88900,889007,55.674663,94.723749
88910,889100,55.547818,94.708805
88920,889204,54.070465,92.938444
88930,889308,55.639415,95.386207
88940,889401,55.77331,96.184958
88950,889505,55.767165,96.564972
88960,889609,55.935733,97.846619
89000,890004,56.006054,92.82911
89010,890108,56.073611,92.934162
89020,890201,55.996757,93.109268
89030,890305,56.272797,91.09375
89040,890409,56.161227,91.387804
89041,89041,56.139228,91.634185
89050,890502,56.096905,91.709282
89060,890606,56.071722,91.982689
89065,89065,55.865711,93.994037
89070,890703,56.097497,92.218404
89085,89085,56.051162,92.529867
89090,890907,56.042486,92.762936
89101,89101,56.088574,92.407312
89140,891401,55.979575,92.841894
89150,891505,55.979575,92.841894
89170,891702,55.964658,92.381675
89180,891806,55.998588,92.951352
89190,891909,55.998588,92.951352
89210,892103,56.0221,93.064863
89213,89213,56.022094,93.064863
89241,89241,47.192373,30.941984
89249,89249,55.869676,93.235631
89250,892508,55.81051,93.684715
89266,89266,51.213004,33.602057
89270,892705,55.811606,94.340202
89300,893002,55.89744,94.419634
89310,893106,55.954002,94.70212
89311,89311,50.720867,29.453908
89320,893200,55.971399,94.983219
89330,893303,56.008814,95.212594
89332,89332,56.113535,95.331841
89340,893407,56.194252,95.452572
89350,893500,56.198538,95.704076
89370,893708,56.23925,96.073284
89380,893801,56.208758,96.388377
89390,893905,56.195843,96.511715
89400,894005,56.14594,96.902788
89410,894109,56.154969,97.212235
89430,89430,56.259786,97.342076
89442,89442,56.357662,97.385927
89451,89451,56.44961,97.545836
89463,89463,56.514001,97.669541
89471,89471,56.622224,97.71774
89481,89481,56.674137,97.721538
89490,894908,56.772535,97.727262
89500,895008,56.881668,97.677694
89510,895101,56.958522,97.715494
89520,895205,57.18849,97.751327
89530,895309,57.279054,97.731914
89540,895402,57.447348,97.518114
89551,89551,57.637063,97.388798
89560,895600,57.763956,97.424844
89561,89561,57.861338,97.398676
89580,895807,58.074402,97.331175
89613,89613,56.118161,97.357388
89700,897003,48.120153,37.873055
89703,89703,48.120886,37.84619
89710,897107,48.093238,37.786427
89712,,48.101635,37.94772
89720,897200,48.044168,37.745694
89730,897304,47.967097,37.686922
89741,,47.885575,37.686773
89750,897501,47.992654,37.50898
89752,,47.995713,37.395021
89760,897605,47.989438,37.306363
89770,897709,48.084681,37.306916
89780,897802,48.035892,37.374771
89781,,48.148379,37.247055
89785,897855,48.235442,37.204098
89790,897906,48.237863,36.990161
89800,898006,48.284049,37.181603
89804,,48.327206,37.254973
89810,898107,48.225988,37.317081
89820,898203,48.189337,37.333933
89821,,48.175244,37.336941
89830,898307,48.161809,37.339516
89840,898400,48.099433,37.355354
89850,,48.213385,37.431177
89860,898608,48.240918,37.612332
89870,898701,48.148469,37.732979
89880,898805,48.311549,38.04335
89890,898909,47.877083,38.060856
89900,899009,48.007975,37.981823
89901,,47.978189,38.030213
89902,,47.950665,38.084384
89904,,47.854508,37.982933
89910,899102,47.803696,38.006551
89911,899117,47.888948,37.925794
89920,899206,47.973967,37.889724
89930,899302,47.977453,37.858264
89940,899403,48.009146,37.867781
89950,899507,48.06378,37.881791
89951,899511,47.912368,37.842798
89960,899600,47.062322,37.506549
89970,899704,47.084929,37.554802
89980,899808,47.151857,37.575222
89990,899901,47.062322,37.506549
90000,900009,47.245715,37.581195
90010,900102,47.062322,37.506549
90020,900206,47.208285,37.56363
90030,900301,47.305765,37.603168
90040,900403,47.32824,37.56542
90050,900507,47.462405,37.647235
90060,900600,47.43826,37.819478
90070,900704,47.602129,37.488492
90080,900808,47.69841,37.486397
90090,900901,47.750452,37.508318
90100,901001,47.83522,37.650212
90110,901105,47.470241,37.171264
90120,901209,47.473589,37.406892
90130,,47.745253,38.584542
90131,,47.745253,38.584542
90140,901406,47.799598,38.490071
90150,901507,47.811722,38.293426
90155,901552,47.69993,38.233624
90160,901603,47.667244,38.063243
90170,901707,47.921872,38.196592
90180,901800,48.030906,38.15327
90220,902201,56.755078,106.487711
90223,90223,56.842695,106.234441
90230,902305,56.548154,106.808347
90250,902502,56.358638,107.099214
90270,902702,56.18453,107.449908
90280,902803,56.061811,107.69027
90290,902907,55.892709,107.799358
90291,90291,55.85376,108.015289
90300,903007,55.762845,108.45258
90318,90318,55.750835,108.795348
90320,903204,55.633137,109.339044
90330,903308,55.815595,109.604419
90340,903401,55.92961,110.112119
90350,903505,56.002759,110.867313
90360,903609,56.15164,111.729781
90380,903806,56.197716,112.446598
90392,90392,56.325419,113.240286
90400,904003,56.193657,113.540567
90430,904300,56.800834,118.260269
90433,90433,56.647054,117.583254
90440,904404,56.338889,114.890741
90450,904508,57.005371,118.779657
90460,904601,56.917967,119.936365
90462,,56.977,120.214616
90468,,57.003157,121.042232
90470,904705,56.601381,121.649193
90471,90471,56.674229,121.312771
90481,90481,55.381458,123.733413
90500,905002,55.184821,124.239553
90570,905708,56.186774,113.562565
90571,90571,56.206238,113.508976
90572,90572,56.242961,113.405979
90573,90573,56.268952,113.35654
90574,90574,56.294924,113.308475
90650,906503,56.32359,116.091225
90700,907008,46.753657,33.43481
90710,907101,46.77428,33.560619
90720,907205,46.832694,33.858828
90730,907309,46.941901,34.374282
90760,907600,46.424313,33.15774
90770,907703,46.255031,33.465577
90780,907807,46.182089,33.596843
90800,908000,57.023086,120.711269
90870,908706,56.007263,122.418095
90871,908710,55.910326,122.625084
90900,909003,55.7677,122.772705
90930,909304,55.510472,123.092742
90950,909501,55.503753,123.467598
91000,910000,55.144686,124.716978
91020,910208,55.020003,124.622525
91031,91031,54.760936,124.244979
91032,91032,54.635897,124.046577
91033,91033,54.882053,124.374895
91041,91041,54.550989,123.796696
91042,91042,54.64667,124.074101
91060,910602,54.428604,123.864508
91070,910706,54.237717,123.763297
91080,910802,55.161857,124.892458
91083,91083,55.264491,125.053824
91091,91091,55.405216,124.96085
91110,911107,55.81398,124.998862
91112,91112,55.852728,124.982535
91120,911200,55.920426,124.973166
91121,91121,56.051653,124.879633
91130,911304,56.19531,124.862433
91132,91132,56.471569,124.793708
91140,911408,56.581665,124.765843
91150,911501,56.68646,124.668288
91160,911605,56.68646,124.668288
91170,911709,55.31406,125.892924
91180,911802,56.688727,124.680647
91190,911906,55.153776,126.586635
91200,912006,56.688727,124.680647
91210,912103,56.68646,124.668288
91230,912307,55.136935,126.771287
91280,912805,55.026192,127.452155
91282,91282,55.131167,126.935263
91291,,54.969461,127.519493
91300,913009,54.8159,128.030357
91320,913206,54.629174,128.530755
91350,913507,56.665741,124.82306
91360,913600,56.859579,124.898591
91370,913704,57.009731,124.849152
91380,913808,57.104763,124.83542
91390,913901,58.240344,125.394802
91400,914001,58.599154,125.404416
91410,914105,58.799288,125.533505
91420,914209,58.96424,126.286068
91450,914504,53.961493,129.137339
91550,915502,53.550009,129.460769
91570,915700,53.355717,129.982084
91590,915907,52.86388,130.415067
91610,916100,52.444702,130.866874
91640,916401,51.487314,130.998467
91670,916702,51.292197,131.213045
91690,916905,51.508143,132.272732
91701,91701,51.406908,132.352383
91710,917103,51.0906,132.788587
91711,,50.982705,132.440845
91720,917207,51.130209,132.98709
91731,91731,50.970393,132.989887
91732,91732,50.82449,133.176655
91733,91733,50.713018,133.352436
91734,91734,50.573301,133.567243
91735,91735,51.089735,132.789961
91740,917404,50.839952,132.309982
91742,91742,50.598398,132.392997
91751,91751,50.418988,132.267989
91761,91761,50.280331,132.299752
91762,91762,50.335139,132.298181
91770,917705,50.047978,132.161022
91771,91771,49.72443,131.822864
91780,917809,49.724606,131.812829
91790,917902,49.556766,131.53722
91801,91801,49.341735,131.60379
91802,91802,49.319445,131.656696
91803,91803,49.460865,131.553462
91810,918106,49.203858,131.626692
91820,918206,49.043066,131.557819
91831,91831,50.818447,133.219902
91832,91832,50.755873,133.416208
91833,91833,50.661591,133.597557
91834,91834,51.019837,132.94799
91840,918407,50.596079,133.660728
91841,91841,50.573301,133.863874
91842,91842,50.720038,133.986198
91850,918500,50.801915,134.067222
91851,91851,50.869745,134.200432
91852,91852,50.938217,134.364953
91853,91853,51.002383,134.421258
91860,918604,51.109363,134.610772
91861,91861,51.238552,134.706293
91871,91871,51.310348,134.844232
91880,918801,51.670659,135.753032
91881,91881,51.453247,135.259729
91882,91882,51.568387,135.489069
91890,918905,51.669411,135.6782
91900,919005,50.961028,132.425739
91910,919109,51.572243,135.873207
91912,91912,51.47744,136.116543
91920,919202,51.393612,136.333534
91930,919306,51.295775,136.505613
91940,919401,51.197749,136.660704
91950,919503,51.084914,136.876947
91960,919607,51.004403,136.904412
91971,91971,50.722279,136.89779
91980,919804,50.694724,136.896416
92000,920002,55.937709,97.997259
92004,92004,55.907636,98.097509
92010,920106,55.968529,97.835211
92020,920203,56.03789,97.617936
92040,920407,55.787294,98.181451
92050,920500,55.715158,98.38601
92064,92064,55.669011,98.448657
92070,920708,55.543184,98.661518
92082,92082,55.47171,98.620787
92090,920905,55.371581,98.641092
92100,92100,55.201869,98.791074
92110,921109,55.080785,98.858241
92120,921202,54.898492,99.021433
92130,921306,54.849344,99.122121
92140,92140,54.792416,99.34909
92150,921503,54.711103,99.635211
92160,921607,54.627127,99.85997
92170,921700,54.620065,100.161017
92180,921804,54.641576,100.305213
92190,921908,54.659055,100.453528
92200,922008,54.596952,100.540239
92210,922101,54.535144,100.659812
92220,922205,54.476325,100.837279
92230,922309,54.461787,100.88839
92240,922402,54.461139,101.065774
92250,922506,54.473138,101.167398
92260,92260,54.433928,101.30779
92270,922703,54.360208,101.468465
92280,922807,54.244389,101.660039
92290,922900,54.128406,101.849553
92300,923000,54.039184,101.96903
92310,923104,53.928367,102.048356
92326,92326,56.006224,98.190725
92330,923301,56.139482,98.418533
92347,92347,56.113773,98.529608
92350,923509,56.159428,99.020361
92360,923602,56.162964,99.132341
92370,923706,56.113476,99.262815
92380,923800,56.0627,99.437664
92390,923903,56.077401,99.620294
92400,924003,56.122075,99.768828
92410,924107,56.155089,99.942964
92420,924200,56.123939,100.247591
92421,92421,56.242195,100.427937
92430,924304,56.191253,100.867872
92440,924408,56.114641,101.166454
92442,92442,56.124316,101.366383
92450,924501,56.102592,101.465592
92460,924605,56.172611,101.57375
92490,924906,56.128571,101.575123
92500,925006,56.304321,101.718856
92510,925100,56.293284,101.762281
92520,925203,56.444558,102.248535
92530,925307,56.565589,102.451997
92540,925400,56.407565,103.122093
92550,925504,56.438244,103.341022
92560,925608,56.490075,103.960975
92570,925701,56.525007,104.087317
92580,925805,56.714253,104.234496
92590,925909,56.523785,102.875008
92610,926102,57.135532,103.910844
92620,926206,57.283333,103.741929
92630,926306,57.65198,103.293582
92640,926403,58.034338,102.795871
92670,926704,56.679874,104.64892
92680,926808,56.7613,104.692089
92690,926901,56.860447,105.06858
92700,927001,56.858131,105.244243
92703,92703,56.79606,105.760073
92710,927105,56.792804,105.743151
92720,927209,56.792804,105.743151
92760,927603,56.808115,105.883669
92770,927707,56.808115,105.883669
92780,927800,56.820345,105.976207
92790,927904,56.820345,105.976207
92800,928004,48.08579,38.077152
92810,928108,48.126722,38.026727
92814,,48.148273,38.113457
92818,,48.14244,38.040372
92820,928201,48.199748,37.995165
92821,,48.19453,38.141313
92830,928305,48.129813,38.208221
92840,928409,48.226016,38.203147
92841,,48.25784,38.230225
92850,928502,47.964457,38.224451
92852,928521,47.976269,38.27384
92860,928606,48.025294,38.262637
92870,928707,48.040921,38.278569
92880,928803,48.039687,38.39033
92890,928907,48.040917,38.495424
92910,929100,48.964801,37.827545
92915,,49.031757,37.703404
92920,929204,49.07465,37.551241
92930,929308,48.896388,37.704071
92940,929401,48.870216,37.652693
92950,929505,48.827878,37.601476
92960,929609,48.867784,37.755521
92961,,48.224011,37.863562
92970,929702,48.329832,37.840098
92980,929806,48.409857,37.783567
92985,929859,48.402303,37.926801
92990,929902,48.512311,37.727209
93000,930004,52.340689,104.208185
93010,930108,52.283557,104.260247
93030,930305,53.675565,102.310091
93040,930409,53.569003,102.522244
93052,93052,53.431664,102.667695
93060,930606,53.36418,102.752568
93062,93062,53.273287,102.835923
93081,93081,53.187645,103.028468
93090,930907,53.152451,103.083822
93100,931007,53.101694,103.342234
93110,931100,53.101694,103.342234
93131,93131,53.109624,103.140734
93140,931401,53.043671,103.183306
93150,931505,52.96041,103.28552
93160,931609,52.873876,103.481311
93170,931702,52.833074,103.517564
93180,931806,52.739706,103.646734
93190,931900,52.694916,103.692694
93200,932005,52.589691,103.89357
93202,93202,52.59659,103.887391
93210,932103,52.566594,103.914982
93220,932207,52.534783,103.934895
93230,932300,52.630564,103.934208
93240,932404,52.479478,103.990513
93250,932508,52.422251,104.061254
93260,932601,52.387069,104.137011
93270,932705,52.309679,104.234514
93280,932809,52.268802,104.218789
93290,932902,52.189677,104.111838
93300,933002,52.07737,104.088151
93309,93309,51.96559,103.9188
93310,933106,51.72948,103.689102
93320,933200,51.754119,103.762573
93330,933303,51.702823,103.686012
93340,933407,51.718929,103.706564
93350,933500,51.709332,103.668798
93360,933604,51.866595,104.80404
93370,933708,51.866595,104.80404
93375,93375,51.533228,104.060962
93380,933801,51.512841,104.123031
93382,93382,51.478781,104.408877
93400,934005,51.443849,104.635248
93418,93418,51.514777,104.946373
93422,93422,51.554026,105.113319
93432,93432,51.648206,105.582009
93433,93433,51.576147,105.251552
93450,934503,51.685335,105.764887
93460,934607,51.71151,105.8718
93470,934700,51.968801,106.363903
93480,934804,52.009736,106.621427
93490,934908,52.040542,106.895726
93500,935008,52.116781,107.142801
93510,935101,52.124564,107.297236
93520,935205,52.144894,107.432113
93530,935309,56.619817,121.399517
93540,935402,51.903399,107.50735
93550,935506,51.837441,107.591098
93560,935601,51.540648,107.29663
93570,935703,51.819472,107.700377
93580,935807,51.778601,107.552062
93590,935900,51.68243,107.452523
93598,93598,51.517387,107.145457
93600,936000,51.834889,107.596592
93610,936104,51.378164,106.595908
93620,936208,51.330366,106.488719
93630,936301,51.251686,106.375495
93640,936405,51.104078,106.253272
93650,936509,50.872872,106.228736
93660,936602,50.689408,106.176134
93672,93672,50.576511,106.196112
93680,936807,50.481097,106.15354
93690,936903,50.386915,106.102057
93700,937003,50.386915,106.102057
93710,937107,50.386915,106.102057
93720,937200,50.386915,106.102057
93730,937304,50.386915,106.102057
93760,937605,51.843552,107.762729
93770,937709,51.917495,108.047
93780,937802,51.846985,108.272523
93790,937906,51.751499,108.364446
93800,938006,51.718244,108.518255
93810,938108,57.905865,55.478049
93820,938203,51.563778,108.786189
93831,93831,51.449114,108.880934
93850,,40.13482369,70.6233412
94000,940006,52.030857,113.482144
94010,940105,51.287509,108.848909
94030,940307,51.155202,108.940124
94040,940400,51.181625,109.076254
94050,940504,51.210803,109.207062
94060,940608,51.283983,109.572558
94070,940701,51.388145,109.858302
94080,940805,51.456502,110.164251
94090,940909,51.363767,110.462825
94100,941009,51.403237,110.66621
94110,941102,51.436724,110.916271
94120,941206,51.546457,111.16621
94130,941300,51.73831,111.958525
94140,941403,51.816991,112.523706
94143,94143,51.842248,112.755792
94150,941507,51.775111,112.253749
94160,941600,51.763041,113.004516
94170,941704,51.621644,113.034186
94180,94180,51.854901,113.088049
94190,941901,51.903234,113.145004
94200,942001,51.977078,113.226398
94210,942105,52.017767,113.328859
94230,942302,51.988949,113.545454
94242,94242,51.978604,113.578964
94250,942506,51.943142,113.611032
94260,942603,51.828396,113.748484
94270,942707,51.772614,113.776573
94280,942800,51.751771,113.960196
94290,942904,51.676186,113.979421
94302,94302,51.620985,114.111608
94310,943108,51.628057,114.343164
94314,94314,51.631106,114.496805
94330,943305,51.563538,114.517404
94333,94333,51.470283,114.524194
94334,94334,51.450551,114.664269
94340,943409,51.283125,114.917468
94350,943502,51.170536,115.164088
94352,94352,51.200743,115.059718
94370,943701,51.091329,115.188867
94380,943803,51.008124,115.370552
94390,943907,50.938762,115.560286
94400,944007,50.87277,115.678389
94410,944100,50.827695,115.784132
94420,944204,50.740771,115.921045
94431,94431,50.753024,116.065543
94440,944401,50.729497,116.16854
94451,94451,50.642254,116.294883
94460,944609,50.601513,116.325228
94461,94461,50.53122,116.304688
94462,94462,50.43802,116.44598
94470,944702,50.386013,116.518765
94490,944907,49.894734,115.746112
94500,945002,49.894734,115.746112
94540,945404,50.122952,116.685884
94561,94561,50.165193,117.061996
94572,94572,50.338655,117.498702
94580,945809,50.403691,117.865962
94590,945902,50.386097,118.607681
94600,946002,50.391365,118.634381
94610,946106,50.356115,119.068332
94620,946208,50.135435,118.062786
94660,946604,49.930401,116.842034
94670,946708,49.83837,117.087135
94680,946801,49.654664,117.308408
94690,946905,49.654664,117.308408
94700,947005,49.654664,117.308408
94710,947109,49.654664,117.308408
94750,947503,51.761642,114.791867
94754,94754,51.758507,115.080366
94765,94765,51.782687,115.274612
94780,947804,51.774921,115.856011
94790,947908,51.85493,116.031792
94805,94805,51.899376,116.245034
94810,948101,51.914266,116.602143
94830,948309,51.986548,116.569328
94847,94847,52.074482,117.047876
94867,94867,52.202598,117.545218
94870,948703,52.257351,117.689489
94883,94883,52.352121,117.015905
94901,94901,52.333122,116.863526
94910,949104,52.523573,117.024725
94913,94913,52.751467,117.268028
94930,949301,52.979296,116.917917
94950,949509,52.832219,117.26685
94960,949602,53.064473,117.490675
95000,950008,50.929536,128.453392
95010,950101,50.91478,128.469871
95032,95032,53.155372,117.931443
95040,950402,53.163605,118.113882
95050,950506,53.318224,118.514903
95060,950606,53.561684,118.718707
95071,95071,53.777091,119.29133
95080,950807,53.742469,119.767698
95090,950900,53.68054,120.076884
95100,951000,53.712268,120.384399
95110,951104,53.862729,120.870337
95115,95115,54.050937,121.406489
95120,951208,53.960393,121.952608
95130,951301,54.043281,122.903184
95140,951405,54.065622,123.364609
95150,951509,54.112522,123.604935
95160,951602,54.121422,123.688472
95170,951706,53.990343,123.927425
95171,95171,48.400196,35.020702
95192,95192,53.65395,123.87524
95201,95201,53.499764,123.893283
95210,952107,53.983211,124.148557
95220,952200,53.700872,124.824956
95230,952304,53.685386,125.258916
95240,952408,53.597251,125.375646
95250,952501,53.452406,125.804113
95260,952605,53.342489,126.167389
95270,952709,53.109629,126.333557
95280,952802,52.953284,126.429688
95290,952906,52.79109,126.539585
95300,953006,52.631109,126.747982
95310,953102,52.276023,127.209686
95311,95311,52.165109,127.462223
95320,953203,52.017501,127.656423
95322,95322,51.921025,127.90374
95330,953307,51.747381,128.076029
95342,95342,51.654535,128.142745
95362,95362,51.388777,128.136177
95370,953701,51.349957,128.151163
95380,953805,51.349957,128.151163
95400,954009,51.28383,128.237681
95410,954102,51.095621,128.380547
95420,954206,50.788426,128.243254
95430,954308,50.666766,128.000846
95440,954403,50.582432,127.864858
95450,954507,50.514045,127.645656
95460,954600,50.368932,127.603985
95470,954704,50.291129,127.550615
95480,954808,50.291129,127.550615
95490,954901,50.291129,127.550615
95520,955209,50.743474,128.716363
95530,955302,50.592143,128.893348
95531,95531,50.674799,29.738465
95533,95533,50.481866,128.999092
95540,955406,50.377828,129.103472
95542,95542,50.272329,129.26552
95543,95543,50.180521,129.361685
95560,955603,50.128738,129.441437
95565,95565,49.954087,129.236678
95582,95582,49.725747,128.776115
95600,956004,49.635056,128.664606
95610,956108,49.635056,128.664606
95630,956305,49.820491,129.793723
95662,95662,49.75415,129.666649
95704,95704,49.659302,129.93258
95710,957100,48.624965,37.54813
95720,957204,48.592199,37.813613
95725,,48.592923,37.684853
95730,957308,48.726292,37.543951
95740,957401,48.753756,37.559509
95750,957505,48.830406,37.560713
95760,957609,48.848139,37.595303
95770,957702,48.858775,37.273755
95780,957806,48.36266,37.198557
95790,957904,48.42308,37.221728
95800,958000,48.450602,37.091081
95810,958103,48.643461,36.988813
95812,,48.728159,36.905895
95820,958207,48.355434,38.029968
95830,958300,48.35433,38.062195
95840,958404,48.413062,38.133155
95850,958508,48.460156,38.170065
95851,958512,48.400864,37.962711
95860,958601,48.463637,37.959535
95870,958705,48.588891,37.986228
95871,,48.619286,37.981784
95880,958809,48.648186,37.991483
95890,958902,48.71659,38.035452
95895,,48.74217,38.058387
95900,959002,48.869364,38.093689
95903,959036,48.945834,37.970598
95910,959106,48.516671,38.219804
95920,959205,48.676277,38.084619
95922,959229,48.67031,38.018593
95930,959303,48.631508,37.991999
95940,959407,48.604889,37.987859
95950,959500,48.35929,38.463078
95960,959604,48.336447,38.404968
95965,,48.302222,38.361238
95970,959708,48.57884,37.616727
95973,,48.316299,38.275996
95980,959801,48.316169,38.131445
96000,960007,50.528401,136.90179
96006,96006,50.474207,136.909178
96010,960103,50.532853,136.976056
96030,960300,50.532853,136.976056
96041,96041,50.600126,136.911403
96042,96042,50.566268,136.9146
96060,960601,49.426065,130.068108
96070,960705,49.350762,130.157372
96080,960809,49.283118,130.257209
96090,960902,49.233682,130.475562
96100,961002,49.197696,130.647224
96110,961106,49.107618,130.751594
96130,961303,48.983039,131.004279
96140,961407,49.028212,131.056464
96144,96144,48.992077,131.424506
96160,961604,48.991173,131.533211
96200,962005,48.992077,131.706245
96210,962109,49.004727,131.87516
96220,962202,49.006534,131.941078
96232,96232,49.014665,131.98365
96242,96242,49.017375,132.23803
96250,962503,48.998536,132.468255
96260,962607,48.941577,132.637169
96271,96271,48.878702,132.84591
96280,962804,48.77939,132.962639
96290,962908,48.455241,132.722313
96300,963008,48.770313,132.936547
96310,963101,48.213682,132.39959
96311,96311,48.11262,132.449028
96320,963205,47.982784,132.637169
96330,963309,48.62978,133.418637
96340,963402,48.596998,133.821011
96350,963506,48.559235,134.477346
96351,96351,48.546244,134.564893
96352,96352,48.5353,134.66377
96380,963807,48.571768,134.578626
96402,96402,49.085444,135.149915
96403,96403,48.926434,134.970014
96422,96422,49.175562,135.169141
96430,964301,49.239043,135.179793
96440,964405,49.360286,135.192153
96452,96452,49.598301,135.439345
96460,964602,49.714201,135.748336
96480,964809,49.904387,136.141097
96491,96491,49.98149,136.303145
96501,96501,50.016014,136.413009
96510,965107,50.087637,136.499526
96521,96521,50.225274,136.649215
96523,96523,50.307136,136.682174
96530,965304,50.263141,136.654708
96550,965501,50.330876,136.765944
96562,96562,50.406002,136.870249
96570,965709,50.490285,137.091349
96580,965802,50.363081,137.257517
96590,965906,50.385037,137.386607
96600,966006,50.364838,137.510602
96610,966100,50.265995,137.930829
96620,966203,50.323177,138.087384
96630,966307,50.339896,138.465768
96640,966400,50.203472,138.593484
96650,966504,50.102867,139.135098
96660,966608,50.131702,139.569955
96670,966701,49.999991,139.866586
96680,966805,49.892367,139.939574
96690,966909,49.823117,140.08789
96700,967009,49.670898,140.093383
96712,96712,49.467353,140.004119
96720,967206,49.349067,140.054931
96731,96731,49.26556,140.292151
96740,967403,49.233196,140.312751
96760,967600,49.094068,140.271452
96770,967704,49.057726,140.298918
96780,967808,49.094068,140.271452
96800,968001,43.490737,131.792671
96810,968105,48.980303,140.204161
96820,968209,48.980303,140.204161
96830,968302,48.965838,140.230254
96840,968406,48.945399,140.287932
96850,968500,48.945399,140.287932
96860,968603,50.605377,137.119901
96870,968707,50.605377,137.119901
96880,968800,50.605377,137.119901
97000,970001,48.426631,135.129363
97010,970105,48.526728,134.754283
97020,970209,48.5236,134.893124
97030,970302,48.536214,135.021326
97040,970406,48.497048,135.072997
97043,97043,48.48725,135.041176
97050,970508,48.497048,135.072997
97060,970603,48.497048,135.072997
97080,970800,48.449528,134.868449
97090,970904,48.449528,134.868449
97100,971004,48.449528,134.868449
97110,971108,48.354656,135.090064
97120,971201,48.224173,135.074271
97130,971305,48.113904,135.111876
97140,971409,47.981305,135.055571
97150,971502,47.891631,134.958141
97151,97151,47.844504,134.936168
97172,97172,47.775122,134.905956
97181,97181,47.646345,134.855739
97190,971907,47.616581,134.851024
97206,97206,47.489706,134.658671
97210,972100,47.161071,134.307278
97220,972204,46.813147,134.250026
97230,972308,46.716171,134.350048
97241,97241,46.564559,134.2615
97250,972505,46.481217,134.188316
97263,97263,46.400448,134.111431
97270,972702,46.205961,133.947204
97272,97272,46.045584,133.782815
97280,972806,45.954383,133.74098
97330,973300,45.875082,133.645151
97341,97341,45.828059,133.616312
97350,973508,45.48862,133.426145
97351,97351,45.629784,133.522136
97360,973601,45.565411,133.499738
97370,973705,45.530344,133.481428
97381,97381,45.423865,133.37396
97390,973902,45.1289,133.302909
97400,974002,44.915405,133.150479
97410,974106,44.814078,133.068145
97422,97422,44.754369,132.976325
97430,974303,44.60155,132.81941
97440,974407,44.553455,132.734266
97450,974500,44.516129,132.631027
97460,974604,44.343821,132.529342
97471,97471,44.267888,132.444198
97480,974801,44.205568,132.429639
97481,97481,44.141323,132.376081
97500,975005,44.179878,132.230512
97510,975109,44.271527,132.259351
97520,975202,44.453786,132.09593
97530,975306,44.749107,132.012159
97543,97543,44.903248,131.955047
97550,975503,45.107838,132.016845
97552,97552,45.241883,131.979766
97571,97571,44.145092,132.617332
97580,975804,44.165854,132.745048
97590,975908,44.172023,132.889243
97600,976008,44.176921,133.021512
97610,976101,44.205049,133.14157
97620,976205,44.174417,133.269286
97630,976309,44.237639,133.357176
97640,976402,44.29409,133.418363
97652,97652,44.401502,133.598876
97660,976600,44.194383,133.882536
97671,97671,44.076937,132.294776
97680,976807,44.029397,132.168434
97690,976900,44.007595,132.065437
97700,977000,43.945118,132.022865
97800,978003,48.043061,38.776114
97801,,48.059997,38.719028
97810,978107,48.016922,38.682505
97820,978200,48.062934,38.619839
97830,978304,48.040944,38.583659
97840,978408,48.092221,38.594422
97850,978501,48.130991,38.567922
97860,978605,48.204055,38.507985
97864,,48.268221,38.523336
97880,978802,48.144496,38.349716
97881,,48.185038,38.368446
97893,,48.23942,38.43234
97900,979006,48.829975,37.40673
97950,979504,42.719776,130.55935
97960,979608,42.719776,130.55935
98000,980003,43.112252,131.881752
98010,980107,43.112252,131.881752
98020,980200,43.112252,131.881752
98040,980408,43.112755,131.93943
98050,980501,43.112755,131.93943
98060,980605,43.112755,131.93943
98070,980709,43.105712,131.898918
98080,980802,43.105712,131.898918
98090,980906,43.105712,131.898918
98120,981203,43.137361,131.902695
98130,981307,43.137361,131.902695
98180,981805,43.164258,131.905098
98192,98192,43.218769,131.952133
98200,982009,43.235339,132.006035
98210,982102,43.305835,132.06131
98220,982206,43.336416,132.068863
98240,982403,43.381758,132.293053
98260,982600,43.353955,132.332192
98270,982704,43.32614,132.363091
98280,982808,43.290287,132.460251
98300,983001,43.159734,132.391243
98310,983105,43.115483,132.329445
98320,983209,42.992618,132.334252
98321,98321,42.935886,132.331848
98340,983406,42.875061,132.350044
98351,98351,43.221113,132.613965
98360,983603,43.174143,132.774983
98363,98363,43.180424,132.88416
98380,983800,43.06927,133.143368
98381,98381,43.107015,133.163281
98390,983904,43.11934,133.224392
98400,984004,43.228896,133.243275
98411,98411,43.333492,133.355885
98420,984201,42.85498,132.976857
98430,984305,43.016641,133.105603
98440,984409,42.958418,133.07024
98450,984502,42.882002,133.006726
98460,984606,42.882002,133.006726
98470,984700,42.882002,133.006726
98480,984803,42.882002,133.006726
98510,985100,42.842349,132.914029
98520,985204,42.792811,133.092213
98530,985308,42.842349,132.914029
98540,985401,42.828452,132.897206
98550,985505,42.828452,132.897206
98560,985609,42.802671,132.906819
98570,985702,42.802671,132.906819
98580,985806,42.802671,132.906819
98590,985906,42.763473,133.089123
98600,986001,42.763473,133.089123
98610,986103,42.763473,133.089123
98640,98640,42.68331,130.656717
98650,986508,43.380636,131.980638
98660,986601,43.327023,131.869401
98670,986705,43.48397,131.910943
98680,986809,43.539191,131.898927
98690,986902,42.876886,131.385267
98700,987002,42.43425,130.644838
98710,987106,42.43425,130.644838
98720,987207,42.722966,131.127893
98730,987303,42.722966,131.127893
98740,987407,42.68331,130.656717
98742,98742,42.706969,130.775183
98750,987500,42.695827,130.881269
98756,98756,42.809178,131.250341
98758,98758,42.935692,131.319349
98760,987604,42.660616,130.820501
98770,987708,42.660616,130.820501
98780,987801,42.660616,130.820501
98790,987905,42.876886,131.385267
98800,988005,43.042444,131.529252
98810,988109,43.099496,131.592423
98823,98823,43.698695,131.96176
98830,988306,43.809189,131.977896
98840,988402,43.647859,131.941847
98870,988700,43.93238,131.878676
98880,988804,44.071159,131.782546
98890,988908,44.199732,131.698775
98900,989008,44.307425,131.64659
98920,989205,44.367441,131.501021
98930,989309,44.367441,131.501021
98940,989402,44.367441,131.501021
99000,990005,46.617118,142.772094
99010,990109,46.617118,142.772094
99020,990202,46.617118,142.772094
99060,990607,46.87483,142.744628
99070,990700,46.948229,142.729885
99110,991101,46.976435,142.729885
99120,991205,47.057207,142.727139
99150,991506,47.246096,142.747738
99200,992000,47.356053,142.791684
99240,992405,47.496777,142.674954
99250,992509,47.856637,142.501919
99260,992602,47.915755,142.493679
99270,99270,46.439232,141.845486
99301,99301,46.568196,141.82214
99310,993107,46.684567,141.855099
99322,99322,47.017597,142.039428
99330,993304,47.051398,142.043548
99331,99331,47.072043,142.053161
99340,993408,47.051398,142.043548
99350,993501,47.051398,142.043548
99362,99362,47.005704,142.088866
99401,99401,47.115694,142.054136
99414,,47.163483,142.058256
99440,994400,47.446517,141.973358
99452,99452,47.653986,141.993957
99460,994608,47.754217,142.050262
99470,994701,47.902179,142.157772
99471,99471,47.978899,142.223919
99480,994805,48.003789,142.192504
99510,995102,48.015768,142.496001
99520,995206,48.200138,142.545576
99540,995403,48.360549,142.662305
99544,,48.279032,142.614494
99550,995507,48.626776,142.785317
99560,99560,48.731045,142.840071
99570,99570,48.804577,142.890883
99580,995808,48.978442,142.943068
99630,996302,49.219066,143.091994
99640,996406,49.280862,142.870937
99660,99660,49.54013,142.870296
99671,99671,49.67877,142.849831
99680,996800,49.747338,142.841591
99690,996904,49.840683,142.819972
99700,99700,49.970196,142.783209
99710,997108,50.201882,142.719414
99732,99732,50.431328,142.713191
99740,997409,50.645348,142.692687
99750,997502,50.840098,142.679912
99760,99760,50.969355,142.668389
99770,99770,51.044534,142.661187
99782,99782,51.129413,142.687083
99790,997907,51.328163,142.718253
99800,998007,51.521773,142.807887
99810,998100,51.810285,143.142615
Z0007,,40.31717856,70.37068063
Z0010,,37.89198388,69.77578277
Z0013,,53.879735,27.530753
Z0015,,38.509243889715,68.232830905418
Z0038,,53.432088,63.213574
Z0045,,55.793234,37.632112
Z0058,,55.718824,37.642415
Z0071,,52.992058,63.077108
Z0076,,51.219618,24.713317
